00095b18-c791-40c2-abda-84f023c2070b done, total 3 (0s)
00a4e9ef-e163-4334-8689-55cfb05ee167 done, total 18 (0s)
00dc6278-9689-47eb-9dfc-f2b6435e2f00 done, total 18 (0s)
011cfb00-ad22-4ad5-a0b7-dbfa84a1a6ec done, total 106 (0s)
0129d937-8079-4cd6-999a-286d3bbe2ab1 done, total 106 (0s)
015f65f0-2fe4-4098-b0df-d6059661491b done, total 106 (0s)
018ceea9-b2e8-408e-9ce4-add1d69ffc79 done, total 106 (0s)
01939223-cac3-4d8e-a072-cd9ab14cd7b1 done, total 108 (0s)
019f197a-fc52-7ff0-ad2c-2c533ca534e1 done, total 108 (0s)
019f8fcf-998d-7630-971a-7b86613be9bd done, total 108 (0s)
01a016a8-4214-7bf1-85d7-b492a422a642 done, total 108 (0s)
01a02ff2-589f-77b0-a470-b8a4ff36278c done, total 108 (0s)
01a04fb8-ed51-75d0-a24d-55b1bb21db1d done, total 108 (0s)
01a05a0a-5a8b-7872-a045-051ab9aaa836 done, total 108 (0s)
01a05ec3-141d-76b2-a1a0-9b8f02974316 done, total 108 (0s)
01a060a7-4c71-7772-80b4-3bd2cc0a0c71 done, total 108 (0s)
01a0634a-6c6f-7b31-b397-bcb09677131b done, total 108 (0s)
01a06798-d7ba-7fe1-aef7-f0dee365c6de done, total 108 (0s)
01a06cfa-6c50-7270-9014-a8a45dedb9a1 done, total 108 (0s)
01a072ef-bfa1-75f0-bbc2-1d228a80d6f0 done, total 108 (0s)
01a072f0-2746-7812-8779-88a4fd3547c6 done, total 108 (0s)
01a072f5-9128-7cf2-a192-b320ad8cbeba done, total 108 (0s)
01a59251-0a24-4cef-a732-f9f18ae92e5e done, total 127 (0s)
01bd3e82-3753-4fc6-af42-d63fd6593898 done, total 146 (0s)
01d1d1e8-c83e-427a-82cb-d9438bf74693 done, total 281 (1s)
01db48c2-c36c-4987-a729-37aa6504e590 done, total 359 (1s)
020d03c4-3993-439d-834e-34b2e6e8fec8 done, total 383 (1s)
024ec79c-08af-422c-b55c-8c167a151790 done, total 383 (1s)
02640873-0fa5-4159-a27c-6bed00967816 done, total 392 (1s)
02659ccd-8396-4d9f-8474-613e6796ccd6 done, total 392 (1s)
0268ef0f-b7c6-474b-80a4-b5fdbc152343 done, total 392 (1s)
02be8c79-e297-4222-aac2-3e2816dd96da done, total 430 (1s)
02cdead1-f227-42f7-ac1c-4f22e95d7c51 done, total 430 (1s)
02d212a0-d394-46c5-8589-da983e0511a0 done, total 430 (1s)
02de6f17-9f18-422f-b376-19534558b7ee done, total 438 (1s)
03143a1d-c49e-463f-803c-bbf7f74a31be done, total 438 (1s)
037772e2-26a5-41c6-9eeb-b6cb31e97312 done, total 461 (1s)
03a171b5-e6ee-4639-9ad0-c3caacc50275 done, total 461 (1s)
04035894-5dce-49e5-a0fa-6a5f40a7d57d done, total 461 (1s)
046da411-4ff4-4a4a-8370-a6e915862cf7 done, total 506 (1s)
04aecd29-d6ee-4e53-9af4-74e83c68af31 done, total 506 (1s)
04f1a4f7-9d62-463a-8bcc-e57ea4757658 done, total 525 (1s)
04fd4f92-1337-4bfc-9de2-daf63d38101e done, total 574 (1s)
050190f7-e134-4b78-958d-16aec9692f7d done, total 581 (1s)
051c6045-7d8d-4858-a012-a69a56e207ff done, total 625 (1s)
05619bfd-f403-4ff6-b2f9-a0b4a349fb20 done, total 636 (1s)
057fdbda-e8c7-4c9d-b8b7-b85925ed1772 done, total 637 (1s)
058b65a8-49a4-4709-ba19-bdccfeaf82e9 done, total 653 (1s)
059525be-0c86-4ae8-96cd-74eaa7ac0729 done, total 673 (1s)
05c4b3ff-92e4-445b-92ca-aa517f0ec296 done, total 674 (1s)
05dde4a4-4327-4110-8f0e-ed71a8abfe9a done, total 674 (1s)
05e03666-ffe3-45e3-8591-035d1a4c1e78 done, total 683 (1s)
05e12836-8587-46f7-a68a-b7df1d7cee15 done, total 683 (1s)
0636d9a8-d0d7-4d7b-86cd-1ed09ddd4bbd done, total 683 (1s)
066d5015-d834-4cd8-abab-aee3b741883e done, total 756 (2s)
06a768a8-c513-433d-bfea-f31eeb634df2 done, total 809 (2s)
06aeec14-9b74-4072-a260-9cdb88733e76 done, total 846 (2s)
06e8d8a2-6835-4dea-bc45-ab8643cbcddb done, total 901 (2s)
06f53be1-aff4-409b-a882-71e2b78d49d2 done, total 901 (2s)
072fa187-ca88-4ed3-93d0-3648f1755852 done, total 901 (2s)
0731c55e-ac6a-4670-ac8d-453bbd44f0fd done, total 2276 (5s)
07c0619e-a4d7-4a70-8526-acca2d3a7f49 done, total 2276 (5s)
07ea8998-737b-4b68-ae7d-cfcb692aaf22 done, total 2276 (5s)
07f60c76-30c9-4bf3-9bac-2408c62e95d7 done, total 2276 (5s)
07f75ac7-b241-4c79-949b-142ac19f0812 done, total 2276 (5s)
0813153a-f1b5-4c75-9af0-d2b0e7b31aec done, total 2276 (5s)
08248000-f410-435b-800d-0b2d2c7aefe1 done, total 2448 (5s)
0887f1dd-c503-4908-a5bc-84e00000f2ed done, total 2484 (5s)
08978ff3-873d-4a1e-a57f-88895d736bac done, total 2498 (5s)
0898f7eb-61eb-4792-bd26-ca98cb62ca9e done, total 2498 (5s)
08c6b4a5-a22e-445b-bc99-06cc9ce7ba3b done, total 2498 (5s)
08dfa17e-d7b2-4adc-be07-4d16b3a57e25 done, total 2499 (5s)
08eaabda-75be-4e9e-abde-c30ed59930a3 done, total 2525 (5s)
09119203-9806-4c55-bb76-ebb83feb2145 done, total 2525 (5s)
0930ada2-d2dd-4b10-a7ce-908833da1eb5 done, total 2525 (5s)
09621ebf-a424-45be-a4ee-56061d22c635 done, total 2525 (5s)
099d4b28-b2b2-4865-ac4e-a18cbd102fde done, total 2640 (5s)
09b20102-fa6d-4c16-b5c2-2ca9fe6e46a1 done, total 2665 (5s)
0a1d8f97-09ca-4887-a160-6c26fbbf0c20 done, total 2665 (5s)
0a2a5079-cbac-4d9b-970f-3f5f9d1666f8 done, total 2740 (5s)
0a307c55-41e2-47a7-bacd-8dad763e3fbb done, total 2748 (5s)
0a5ff5af-eb4b-4ec6-8b09-4ff3ab13358e done, total 2748 (5s)
0a7a2587-0366-4c22-852e-bdcb550334b9 done, total 2748 (5s)
0a7dc148-3cd3-4373-ac03-a9bd41ecb8cd done, total 2748 (5s)
0aa5e312-2558-4027-aad1-a4a123839e69 done, total 2778 (6s)
0ab4ac5e-8653-4a21-9124-279e1a7ff189 done, total 2989 (6s)
0b496d67-e2e2-51d6-a514-71281b21fa1c done, total 2989 (6s)
0b7635ad-f2f9-4dbf-9e29-a0ffe6f92fb4 done, total 3000 (6s)
0b8ce8d8-e164-46c0-a471-3d6bd6980f2a done, total 3009 (6s)
0b9697a1-4796-42d4-927e-9e907e7f3ef2 done, total 3009 (6s)
0bd2ebc6-0d6e-44d8-a8de-aa7ef567a864 done, total 3009 (6s)
0be2f77e-386d-436f-a0e2-c568fa0eba57 done, total 3009 (6s)
0bfdf143-b187-465e-904d-f96f551de0cf done, total 3023 (6s)
0c1c7fef-07e9-43ef-b5d8-6b81cc07bc5e done, total 3038 (6s)
0c287650-6300-4236-bb0e-c8140d7f4211 done, total 3066 (6s)
0c6f1163-ca78-4c50-95a1-175d59d8f549 done, total 3279 (6s)
0ce75dd8-75ac-4144-b3c9-a2b2a030db06 done, total 3291 (6s)
0cf208d6-abf7-4ac8-b460-c3fd84ce8c97 done, total 3291 (6s)
0d08f87c-2604-4a51-94b6-bec6d717bb30 done, total 3321 (6s)
0d1f8c48-3cd2-4fb7-9183-f49d65f14d42 done, total 3404 (7s)
0d66353a-e6e7-46c8-a3cb-158521d9645c done, total 3456 (7s)
0da307e6-519a-4c1f-97c8-8ed3883afbfa done, total 3456 (7s)
0dc352b0-cbc7-4679-a343-0b9628615273 done, total 3464 (7s)
0dca418c-8508-4b68-abf8-e39c6852af95 done, total 3491 (7s)
0dced983-8d89-41a6-904e-7acb0b5a0391 done, total 3630 (7s)
0e488b03-4097-430d-a3ba-162e5f39b236 done, total 3640 (7s)
0e8188af-0e64-4d3d-ba03-7d1de2908e11 done, total 3640 (7s)
0eeb2cee-4bcd-46e7-8155-76e1a06dd97c done, total 3640 (7s)
0ef243e5-baf5-4e27-add6-51bb6fd88680 done, total 3667 (7s)
0f005142-ad73-4bcc-b2f2-73e054933c34 done, total 3667 (7s)
0f7a715d-0ab6-4b64-bd24-a4c0603a06ed done, total 3667 (7s)
0fb72202-fd0e-45eb-88cf-df11d1095d38 done, total 3682 (7s)
0fe50a3f-5910-47c3-8273-2d0b2bf20fe4 done, total 3682 (7s)
0ffab590-312d-4c69-93f3-a170d336fc00 done, total 3682 (7s)
1004e342-953f-47ff-bdfb-48a5d0d9df5c done, total 3715 (7s)
10134b78-1b8a-434e-b7a0-3e16da96f844 done, total 3715 (7s)
101a690b-1d3c-4f15-8e17-ef110be52c8c done, total 3715 (7s)
1021b90c-9989-4853-83ab-3721c9c0d11e done, total 3878 (7s)
102a2e72-e02a-4926-8f3c-50c816cb0182 done, total 3905 (7s)
1033130c-3ff7-4509-9f18-3c079aacf619 done, total 3906 (7s)
10853e0a-9247-49a5-b58e-1dd166910a11 done, total 4046 (8s)
10a10c3c-562b-4b39-b051-787302a5ae4e done, total 4046 (8s)
10be21b3-372a-42ee-8b7b-999b5dcc91e4 done, total 4052 (8s)
111f1219-eec9-4d24-8b9d-25698c544b9a done, total 4098 (8s)
11257be9-eb2b-457a-9553-12bdd4f305c2 done, total 4109 (8s)
112fdf76-79e7-4a09-83fe-947429fca2d8 done, total 4109 (8s)
11362279-da1e-4f2d-9d40-a28d14c66a2e done, total 4109 (8s)
11685a51-e3b2-4a89-a957-adba94744a76 done, total 4109 (8s)
11aa37fa-bfb1-412c-a647-bdc6ed93f3bf done, total 4129 (8s)
120a39cb-5592-433f-9840-14bef9575af3 done, total 4129 (8s)
1240d3f0-e154-428d-93ee-e34d642f335e done, total 4129 (8s)
12546e56-e1eb-4f48-bb6f-e9d60ffbf167 done, total 4157 (8s)
1276c6a9-ecd7-4500-9990-36a457c501c2 done, total 4157 (8s)
129844fd-f6ce-43aa-ae7b-61b94c5bdb0d done, total 4173 (8s)
12d358e6-d8ce-434c-8d78-7c125c0bde35 done, total 4173 (8s)
12fefe67-37e1-4fe7-9fd8-5c25368516da done, total 4277 (8s)
12ff71ca-9228-4e04-bbfa-445286a88118 done, total 4359 (8s)
13745db0-7bf6-486d-a7c9-d0732a877e24 done, total 4359 (8s)
13896161-6f47-4022-940e-9e6d1102b63e done, total 4380 (8s)
1390fae5-6fc2-4fb8-bfaf-f0a4b8bc993e done, total 4387 (8s)
139618c7-1fa9-44d0-9c77-324070798ace done, total 4394 (8s)
13f1f4a4-d551-4f5c-9767-c65817e4c567 done, total 4394 (8s)
141c603f-c78c-46a4-b2f6-d2d617f374e5 done, total 4420 (8s)
14473956-404f-4e66-8189-50c6d640f99f done, total 4486 (8s)
14590b4d-cadd-4139-871a-a6dd9e6ac213 done, total 4486 (8s)
147f5270-6a2b-4947-9d0c-baad0a35ae18 done, total 4511 (8s)
14959efc-00f8-4861-8d75-0a28fc5b3c2c done, total 4511 (8s)
14aad6a6-cd88-4538-9b95-c87226d6f47f done, total 4512 (8s)
14ac8ed9-6169-4069-a35e-cd1f52142fde done, total 4534 (8s)
14ae5744-ec43-4693-8e28-e0b7e12fcfbc done, total 4534 (8s)
14babb6f-df50-478e-8eb7-7438c6e34aa7 done, total 4534 (8s)
155f9ede-8515-41e6-a7e4-fc1219b51681 done, total 4534 (8s)
15992822-a083-425b-b0fc-07d197ef68cf done, total 4691 (9s)
159dc884-d3ce-4f03-aa20-aca1772b49c7 done, total 4719 (9s)
15a1cf36-fa7c-4a06-9175-50f9d1cb39b4 done, total 4749 (9s)
15c127de-c2ac-46b4-a9cd-6722a6447cf3 done, total 4765 (9s)
15c3ad90-b4c7-4bcc-b8bd-4bf0ad69d0fa done, total 4765 (9s)
15e9c9f9-5ca5-4607-a8a9-da38336f37e8 done, total 4783 (9s)
15ff862d-8ecb-4d57-95a4-eddb6ce3e68e done, total 4783 (9s)
16a933d6-8119-4820-a5a1-9e2875044aea done, total 4805 (9s)
16af9187-14ff-4e26-bd2d-897558a91a2e done, total 4833 (9s)
16b6ae47-9811-4842-8e5f-88957d149825 done, total 4849 (9s)
16c74f89-4f83-4b9a-b149-a60823d4e854 done, total 4849 (9s)
16cdf052-19a0-4182-9e98-d3364c718c80 done, total 4849 (9s)
171d4582-f257-41ae-9cb2-bd7bf694f39b done, total 4849 (9s)
17665706-f4a2-4b71-a47c-7a4a4cffe300 done, total 4950 (9s)
1766f78e-c450-4a4d-b517-5a85fccee3bf done, total 4977 (9s)
17873d53-b8a7-45be-b4a3-7b59ec36876c done, total 5036 (9s)
178e8dec-cb2d-45ab-9942-cacdd082dcf8 done, total 5037 (9s)
18084290-7ce2-43a2-ba44-9bc655d1ace2 done, total 5053 (9s)
18087eca-1353-4b25-aa74-42bf9944a322 done, total 5084 (9s)
18469932-502e-4348-8ce1-7ee902b56689 done, total 5101 (9s)
184d6092-b030-4bbb-a6f7-99d78a9fdbb7 done, total 5126 (9s)
18548945-5441-485b-95c4-6d217e009f09 done, total 5134 (9s)
18940a1d-c9fe-4378-8b02-3005c874b682 done, total 5188 (10s)
18ac52b5-33aa-43e9-9028-187618b1caa5 done, total 5188 (10s)
18b9e73e-2e75-4130-9188-ca62404e98ac done, total 5204 (10s)
19454453-cb09-431d-9462-92ca4efec7ef done, total 5204 (10s)
1953f4be-532d-460c-bfcf-8730a282864e done, total 5213 (10s)
1963b8b8-726a-434e-a0c2-bb1233ec49fa done, total 5213 (10s)
19b1ebea-0b24-4d9b-a5ba-c48593ab2757 done, total 5213 (10s)
19b6eb02-8426-4d6f-8f0d-eac6e9f489ad done, total 5236 (10s)
19d0a9ae-b1a9-4c45-a972-70b3e2ab159f done, total 5242 (10s)
19efb2c5-a65d-4605-a1a2-e561bcaa7ec3 done, total 5242 (10s)
1a1feadc-b7aa-4a28-abfe-5221fde6e51a done, total 5242 (10s)
1a20bf67-1103-4370-94bd-114c248a6a0f done, total 5275 (10s)
1a4108c3-1c31-4eba-85fc-851f23db695a done, total 5275 (10s)
1a526493-8a26-40b0-b4b7-5a9957f364ad done, total 5338 (10s)
1a6324a2-102b-4afd-98b1-cf4ce43a8238 done, total 5375 (10s)
1a801789-9ef0-4434-8718-18bbfc163c93 done, total 5375 (10s)
1ab29eb5-2cbb-4f4c-b12f-839a44763c8f done, total 5375 (10s)
1acb54da-e1a9-488f-a0ae-84e8c8c84152 done, total 5387 (10s)
1adf9202-4ccc-4acd-8d79-14825a6e72de done, total 5397 (10s)
1b0f61e9-b879-4269-a5b4-ea630f22f5b0 done, total 5437 (10s)
1b96ff4a-b953-42c4-912e-e0f0a8f455b8 done, total 5509 (10s)
1bcddcd5-cdc5-4293-ab64-98e32aab8d8c done, total 5509 (10s)
1bd254dc-c10e-44a1-b396-23f52d328a4c done, total 5523 (10s)
1c04968e-1707-495b-b281-5908c83cf36b done, total 5558 (10s)
1c09d250-537a-4936-a826-c15d44e42c6b done, total 5558 (10s)
1c12befa-6a6f-42d2-a33d-c933f1be6e1a done, total 5586 (10s)
1c14932b-7965-400c-9659-0d7eff170b72 done, total 5608 (10s)
1ca3dad4-f20e-428d-aea8-ce799f8207d0 done, total 5608 (10s)
1ca9307b-c45c-4402-8edc-68c19fa37c23 done, total 5621 (10s)
1cf912da-1955-4e9e-bc1b-6e8f0147c39c done, total 5695 (10s)
1d10f57d-2600-444b-9ea7-70e8b1d26fca done, total 5707 (10s)
1d201c65-127c-4d22-8c53-546ae140e0a0 done, total 5727 (10s)
1d21dd12-87cf-4583-9908-413e25614658 done, total 5730 (10s)
1d346484-bae3-4f16-9b4e-e1206b781201 done, total 5771 (11s)
1d43b964-3ac5-4427-a6d2-82d372b33320 done, total 5781 (11s)
1dc9e33a-39f6-4345-a7c1-21f9fbf50b71 done, total 5784 (11s)
1def4287-37db-4667-8187-39473ccfba65 done, total 5818 (11s)
1e1e393b-5aa2-4a1c-a45e-114fd9898f9f done, total 5818 (11s)
1e23f9e0-b5d6-43b1-978b-39fc61397a6a done, total 5913 (11s)
1e3ce4d1-e44d-4a51-a721-cd40ee034111 done, total 5913 (11s)
1e9036a5-5525-43a3-a7da-ca20c7385c5d done, total 6089 (11s)
1e945d67-7671-4dc4-ac0e-296c4f16bfe1 done, total 6089 (11s)
1e9d80f6-056e-478c-a0be-450f29177f54 done, total 6230 (11s)
1ed47ba3-f939-4e2a-a1ef-42130bb43c58 done, total 6232 (11s)
1ed5e3b5-13a5-4d8a-b87b-981713232615 done, total 6247 (11s)
1ee4c9a5-80a8-4ae5-8f1b-a1bc504dd155 done, total 6252 (11s)
1efaf4d7-a1a9-4fb4-8199-8612b90abf5b done, total 6252 (11s)
1f3d0667-cfc3-4092-ac98-67b7772ecd5b done, total 6263 (11s)
1f499391-9395-4b82-b344-f6b5768ea552 done, total 6263 (11s)
1f619909-d5ad-46af-bc15-c972cd24d8b8 done, total 6320 (12s)
1f64f971-cb4a-4f53-974f-6df6da158ef8 done, total 6381 (12s)
1f84f163-b9cd-47d5-8660-0b47746ab885 done, total 6400 (12s)
1fa979fd-5364-45e3-8762-d77a2e23a7a0 done, total 6480 (12s)
1fbc8c10-b1a9-4550-b7c4-3aff818d18ea done, total 6504 (12s)
1fe5a73e-c566-4ebb-839f-3a23a05a4229 done, total 6523 (12s)
1ffb3fcf-e142-4100-8c67-a90e780d2fbf done, total 6523 (12s)
2035b3ed-6ea1-4f79-a8a1-e444f031f43a done, total 6526 (12s)
20459338-d16c-4d25-9604-449e716ba8f2 done, total 6600 (12s)
20507e7b-7be7-4560-b729-736478c34381 done, total 6600 (12s)
205c52f7-50e4-4569-adab-54dd7c20eeaa done, total 6626 (12s)
207778e3-1cea-44d8-a547-493c2f556a0d done, total 6642 (12s)
20ed58fe-1bb3-499b-b9d9-59b9a260a767 done, total 6868 (12s)
20f63001-e472-4edf-95af-424fbcc437d0 done, total 6868 (12s)
20fe43f6-9bd8-41e1-b2f4-33b84cc5d9fe done, total 6904 (13s)
2110e32d-bf17-4423-9392-1b4e4f57cdb2 done, total 6904 (13s)
213c06dd-00f3-4d2d-8cf4-f6d612775f01 done, total 7170 (13s)
217df421-ba74-44ba-bdc3-c3580781b2cb done, total 7170 (13s)
21e502b7-d1c7-4399-83ea-7cd95d7ea1d9 done, total 7181 (13s)
22708116-21b0-4e14-9da1-f6fa341ce6eb done, total 7181 (13s)
22714029-80c8-40ed-a055-7677b1d4dacf done, total 7181 (13s)
22bf288f-1271-43bf-b8dd-2f499ad1506c done, total 7206 (13s)
2319de07-ef99-4fea-96d6-01c5fb94bfa8 done, total 7217 (13s)
2333bc99-c0f9-4062-84dd-7ae0e3a7e0b8 done, total 7240 (13s)
23638c1a-f4a7-4740-b900-ee2de59c3f63 done, total 7240 (13s)
237580c9-c5ee-470b-a6d3-0a0bec20e708 done, total 7256 (13s)
2391530f-7e6d-41ce-b716-feb36e2871f7 done, total 7336 (13s)
2396da4e-eab0-4f36-92f1-c4780fdad944 done, total 7363 (13s)
23a337a9-79e8-4e31-bcb5-1ff22d4872f4 done, total 7363 (13s)
2408ff75-4b72-478d-bcd7-330c1e6bd0b4 done, total 7363 (13s)
24477fc0-f385-46cb-ae33-9b336d05a941 done, total 7402 (13s)
246e80cd-51f4-4984-aedc-8456b6593521 done, total 7402 (13s)
24ff3249-ec58-4692-a848-55e5cf3aad0d done, total 7402 (13s)
2519d0f2-8fca-4fdf-a3d4-eece8b1753d7 done, total 7402 (13s)
251ccabd-3980-459a-9e52-fc9061658624 done, total 7460 (13s)
2554861f-8a46-44e0-8a37-5ac9de60f5c0 done, total 7583 (14s)
2565feb7-9fd9-4e12-b4a1-1e9492b07bdd done, total 7614 (14s)
25b16e43-4288-4de6-ac45-27f5ac219ba7 done, total 7626 (14s)
25b5e93b-2c8a-4a40-be4b-750e81ec07de done, total 7635 (14s)
2623f5da-5630-4dbb-b172-4901b9e142e3 done, total 7635 (14s)
263de259-bb54-40d8-ac8b-0d235379ae66 done, total 7635 (14s)
26499f72-ee36-42f1-bf94-45f7f1675a0f done, total 7647 (14s)
267efd5b-05e4-45a2-927a-3b335968af43 done, total 7647 (14s)
26834623-15f9-4955-9bb7-cc942194f860 done, total 7647 (14s)
268fc66b-b30f-4cbb-acbd-3517b0432661 done, total 7658 (14s)
269c2e47-ad93-4ccc-b4e7-af6bd879ba37 done, total 7659 (14s)
26f9d6d5-6c27-4988-a196-8e9d22567c11 done, total 7674 (14s)
275d921d-6761-443a-8d7d-754c89a8949a done, total 7693 (14s)
27932860-2f8c-4b9f-b70c-220ee65eac1c done, total 7693 (14s)
27a79bbf-f1c1-478f-b7a0-91e2e974331b done, total 7693 (14s)
27bf8ea1-43bd-418a-b78d-a82d3a1652bb done, total 7693 (14s)
27d6b6ce-260c-4172-aa93-ae3fb102f828 done, total 7693 (14s)
27fd0019-efc9-4668-a624-823f9b5b7d58 done, total 7693 (14s)
280d9e30-2540-4165-95a9-a220de997cb2 done, total 7722 (14s)
28168a98-2112-475c-944a-5e91463f2fab done, total 7740 (14s)
282e4bfd-d630-400e-8d4b-2f1703470382 done, total 7761 (14s)
283cae95-bfb2-4010-bf37-ed6ed4793dd2 done, total 7761 (14s)
28655bea-baa0-45a9-bd87-03ee8cebccf3 done, total 7790 (14s)
2873e158-cb2c-4674-b920-441138cdef8c done, total 7824 (14s)
287d0887-9c1c-45d9-ab24-0449006c7e56 done, total 7844 (14s)
28832558-9ca8-4c92-a87c-4ad494bafad4 done, total 7888 (14s)
28849842-c4e5-4c9c-aec6-db4a599fd1c3 done, total 7937 (14s)
289aa524-fb4c-49a2-b9dc-9b0ab74edc47 done, total 7937 (14s)
28e49541-8b79-4d4f-8bef-8d3170e1f612 done, total 7937 (14s)
28f5eb3b-f9e8-4535-9180-a141034557d6 done, total 7937 (14s)
291bdfea-233e-4d65-9f96-fbe7daffd7dd done, total 7937 (14s)
2921a221-103d-4599-9846-d67376a7b622 done, total 8001 (14s)
29959e79-f56f-43c1-87d2-e80c50a3c98b done, total 8219 (15s)
29a454fa-31b0-49c7-908b-bc8746074a5f done, total 8346 (15s)
29c67417-11f6-41e7-a5c3-1487044ca636 done, total 8386 (15s)
29c9d9e1-8c9d-4a77-bf4e-b5f3ca3e7bd1 done, total 8407 (15s)
29ecdca0-0a67-4b75-ba15-a5ef4d347df8 done, total 8435 (15s)
2a5bf01d-a56c-4045-933e-e027396d61ba done, total 8435 (15s)
2a7e3a1e-1785-40ea-9e53-31947d2edc31 done, total 8451 (15s)
2aa022c0-7e81-4b4a-95a4-c605b7d0a236 done, total 8451 (15s)
2ac8ddbe-73d5-4da6-9a3f-18a7b4de0a14 done, total 8451 (15s)
2afb9509-8a44-4e07-a47b-346b01195e88 done, total 8451 (15s)
2b49cd9c-1b47-4a96-9203-9cb86df3efb4 done, total 8452 (15s)
2b739931-8581-42bc-8974-69cf05752186 done, total 8452 (15s)
2b931e7a-231e-4eaa-82b5-1a17e357919d done, total 8463 (15s)
2ba4ab49-8ce1-4745-853d-277a766e5e79 done, total 8463 (15s)
2baf828d-d61a-4d83-bbd2-9a68cec50852 done, total 8463 (15s)
2bc4bfdc-09a9-4f08-85e1-796157261104 done, total 8633 (15s)
2bd39369-a581-49de-979e-f8f920d4be06 done, total 8646 (15s)
2c0c0582-b38e-4b0c-a8cd-3c9d4f609116 done, total 8646 (15s)
2c38ac0b-9d83-4c9e-8a88-64bcbdb95a5b done, total 8659 (15s)
2c4f3d19-8662-46bc-a685-d62ec45cc0c7 done, total 8690 (16s)
2c586ffc-0cd4-4aa7-b03b-b94777cfce18 done, total 8705 (16s)
2c6049c6-14ea-41f9-9c56-3ecc8cc431f8 done, total 9721 (17s)
2c72198d-a983-447e-9841-f9eb8f3b39d3 done, total 9721 (17s)
2cc386c7-7062-4de6-b8dd-d120afda8001 done, total 9783 (17s)
2cdfd488-b3e2-46d7-bd9e-8b1f3504fd4d done, total 9783 (17s)
2cdff790-7c77-49e1-b5e2-ce856c473a94 done, total 9783 (17s)
2d047ec4-fc11-44bf-8b75-1dffbe0f8955 done, total 9783 (17s)
2d2a694c-3010-47b1-863f-697ec1aa482d done, total 9783 (17s)
2d324605-4dac-4fdd-86f1-3f981f64de18 done, total 9783 (17s)
2d856000-849c-4c5f-a414-1b1c5809862a done, total 9783 (17s)
2ddb294f-09ef-48e6-9879-776815e9b797 done, total 9783 (17s)
2df7bb6e-564f-4b23-a55e-f2c0d79d5d04 done, total 9968 (18s)
2e5b3fb3-96e2-452b-b246-223a294374c5 done, total 9968 (18s)
2e7c6e20-18f5-47d7-a2b6-bc05708b7e43 done, total 9968 (18s)
2e9b8ee7-61cf-47cb-ad0c-0018931a6f6d done, total 10001 (18s)
2ea3aae9-c9d9-42ea-815f-e2891f92d94f done, total 10044 (18s)
2eb21c27-cbcf-446f-9f0b-2638480371f3 done, total 10150 (18s)
2eb2b686-f3bb-4727-b0c4-bc166be1817b done, total 10165 (18s)
2ecd813d-f78f-42fe-a377-94db66ffafab done, total 10165 (18s)
2ecfe6d3-413e-4bc0-8fe3-0373f90bd78d done, total 10197 (18s)
2ee5844b-6dbf-4f8c-963a-f16877de5461 done, total 10222 (18s)
2eedaf8d-0d27-4ce5-9c9c-023c96a41cc9 done, total 10222 (18s)
2ef99a7e-70c1-4206-82a4-7571b6c9d1a7 done, total 10222 (18s)
2efd29d1-df60-4df2-b174-6fe6aec1edff done, total 10822 (20s)
2f23d2f3-c585-45d0-868e-2b63b3c590b5 done, total 10831 (20s)
2f282894-b684-48a3-9360-acb7c64e0af5 done, total 10960 (20s)
2f28f894-e73a-4a07-bdd5-879c76b937f0 done, total 10999 (20s)
2f2b8a10-870b-4a2c-9dc0-806212d085e2 done, total 10999 (20s)
2f37821f-eb52-42d7-9e76-eb5db223e1ad done, total 11208 (20s)
2f3ba145-2518-412c-bec4-974218f0e442 done, total 11210 (20s)
2f3c0f50-64e8-413e-a6b9-41ecd5e573d0 done, total 11210 (20s)
2f4840aa-4672-4e68-84f3-630dbcf3413d done, total 11240 (20s)
2f51e22d-0b7d-449f-bfa9-ad9090d21078 done, total 11261 (20s)
2f6a5469-6bc5-46e7-b90d-05cb8ff01e92 done, total 11261 (20s)
2fbfa0db-5506-4c33-b56a-030a9864a8fa done, total 11285 (20s)
2fc077b4-81d3-4559-9706-e13ca4740965 done, total 11285 (20s)
2fce3cda-88b0-4f75-bdc5-f5d4b12ecaaf done, total 11324 (20s)
2fed7ffe-cb62-4582-80fe-59985b0e841d done, total 11324 (20s)
2fef97a2-6959-4a82-bd46-1a79eef910f0 done, total 11337 (20s)
3014d767-25be-4f56-bf94-12dc36c3c38c done, total 11337 (20s)
30155aba-3b26-44e8-9b7a-1a64016c01b4 done, total 11354 (20s)
302defa6-b889-4d50-bd24-df75764410a8 done, total 11354 (20s)
30313a60-e4b9-4e67-b159-98cb1f70598a done, total 11354 (20s)
308715b4-8875-465c-95d0-949fdd6aa8d8 done, total 11494 (21s)
30b3d7ca-42f7-43e4-a851-e43365eec1b0 done, total 11494 (21s)
30bf22c0-b169-4933-932c-bf8afe2ea72c done, total 11547 (21s)
30c406f1-5252-4484-8d87-38bf88090519 done, total 11582 (21s)
30f1a3ef-4726-4b46-93c4-49e8a1f1a5b3 done, total 11590 (21s)
310422f0-67c4-48a0-a0d9-8e5c3745759c done, total 11734 (21s)
311338dd-b122-439a-9378-69e9f3c69683 done, total 11766 (21s)
3174a060-1098-477f-9f37-a22b2269957a done, total 11766 (21s)
31794650-19ee-4aa8-8be0-a458953003dc done, total 11813 (21s)
317c6270-ff04-4380-b140-b6307d8ecdd5 done, total 11813 (21s)
31b122f0-4cb7-4965-a113-9b9ad88852dc done, total 11813 (21s)
31cc62ab-cb3e-475b-b9b3-5a9a60ea9e61 done, total 11816 (21s)
31d44109-44d3-47d8-a0dc-64d3d538fbd7 done, total 11825 (21s)
31f71fa6-c0af-41fa-842e-fedc8d83c9f1 done, total 11914 (21s)
31fce304-50d1-4334-b273-7a5840f31706 done, total 11917 (21s)
320d8580-2f59-425e-859a-e406d791a989 done, total 11931 (21s)
323d1b30-bbf2-49de-94d6-29ace0d8a76d done, total 11931 (21s)
326c0fd5-f28c-429b-bc60-f2f1ebb65599 done, total 11931 (21s)
326c66b7-7e44-414d-9cf3-ddabc0713f5c done, total 12109 (22s)
3297ba09-de1f-495b-82f9-c19ed7949a9c done, total 12116 (22s)
3299a2f5-bb37-4b4d-8166-d01db3761b70 done, total 12135 (22s)
32c1649c-2629-4094-9d9a-697a3d6454bb done, total 12170 (22s)
32c8473a-7c40-4e32-b62c-7cbb7e9c4ccc done, total 12193 (22s)
32d43d21-21d3-43ce-b8d3-6ece0b8359cf done, total 12193 (22s)
32d556f2-c027-458d-af0c-33833644a947 done, total 12206 (22s)
32e20f75-095c-4e32-ba7d-0d8702fdc970 done, total 12221 (22s)
3303ffbe-bb39-46e0-9854-0eea63e42f85 done, total 12265 (22s)
3327ec34-eca6-4bfb-ad7a-d2c3c72691e9 done, total 12265 (22s)
33773eb2-02fd-4ab7-83d4-a6212cb79479 done, total 12265 (22s)
33a8e4f0-59a5-45c9-a1d9-b94aee264c74 done, total 12275 (22s)
34050ec2-5ed8-493a-af9d-70b9175ef342 done, total 12275 (22s)
349d9de4-93db-44e1-8e95-6e650c48b1dd done, total 12275 (22s)
34acddc4-7adc-462d-8589-8e3dd5934738 done, total 12283 (22s)
35579c07-b410-4b4d-bd15-2ab1534eceac done, total 12283 (22s)
358a12b4-0dd7-4f7e-be6d-63b908196d04 done, total 12286 (22s)
3590b927-4cf3-44cb-8fd5-a19b73a846c2 done, total 12323 (22s)
35ec3085-6a07-439b-89c9-9715cb54ebdc done, total 12328 (22s)
3636c108-75c6-41d6-afff-5fe033c4e082 done, total 12328 (22s)
367422ba-536d-44b1-a3b9-09bbbf2f94ce done, total 12343 (22s)
36744a1e-3fca-4412-b1b9-89844418c66b done, total 12343 (22s)
3678472b-2567-427a-ad28-c65541a2ae1a done, total 12748 (23s)
368b1b52-b9c9-4b76-a859-04d8362fb88b done, total 12816 (23s)
36ddf957-d603-46c1-845a-28e93392c119 done, total 12874 (23s)
36e668bc-dad2-4197-878f-65984db6201f done, total 12875 (23s)
37167af3-6148-4c44-893f-f8d2ed710aa8 done, total 12901 (23s)
37401ecb-9930-4516-97f9-d3c7fa267762 done, total 12901 (23s)
37464a95-c823-4c5c-9c3a-53aee81e58b7 done, total 17740 (30s)
374d36b3-a140-440d-ba19-08371a8bd760 done, total 17798 (30s)
37617aba-38a1-4d22-b5e9-9bcf244746aa done, total 17888 (30s)
376bb9bd-1078-4ad2-8e77-478c9925201d done, total 17895 (30s)
3780f455-62b3-4471-9857-74bc960aab79 done, total 17895 (30s)
3786d580-6198-46f0-9500-a25dc26ad4f5 done, total 17906 (30s)
37a031a5-8171-4375-9b1e-f1d78b2a08a3 done, total 17906 (30s)
37ac0c54-6570-48f4-8270-2569c060a1b9 done, total 17915 (30s)
37cb7fb4-868f-495e-ab46-bd60ae592e5e done, total 17918 (30s)
37d85526-3f94-43f5-8937-316627e62212 done, total 17918 (30s)
3828bd1e-46b7-4900-afcf-e24b8792b2fd done, total 17946 (30s)
38457c61-332f-4e99-a357-08b188e1296e done, total 17960 (30s)
3866dc20-9d21-4ad5-88e1-82040c863e0b done, total 17960 (30s)
38a8fcf2-1fa9-4b74-ad39-d6b801285e67 done, total 17971 (30s)
38b14f55-2690-4aa9-8da4-083d8eb3829b done, total 18009 (30s)
38b4be64-5ce3-457e-84c7-05e6d3b54b77 done, total 18009 (30s)
39221fe9-4785-4dd6-b353-b8c05cf5f4b9 done, total 18020 (30s)
3937d1df-9644-4bf8-ab24-4dba6544da5f done, total 18020 (30s)
394c91a9-b38f-46d3-a35e-7b01301c4292 done, total 18033 (30s)
39736fa8-de39-40b3-ab85-d16b5c11df95 done, total 18066 (30s)
397b73fc-cef2-464b-9f57-555a4d38a72b done, total 18083 (30s)
399feb4c-c003-4569-bcb7-4edaed42984e done, total 18087 (30s)
39ad9fde-4a3b-450e-bc2c-aed86e87254b done, total 18087 (30s)
39e346e2-f4e9-4b59-abe3-6d3316ad496d done, total 18098 (30s)
39ee0387-5dc8-4e48-b754-955de52cf1e6 done, total 18125 (30s)
3a08d81b-285c-49ed-903b-cc3aa991f61b done, total 18137 (30s)
3a0a8e26-8889-4e2b-a095-d788d31678b3 done, total 18161 (30s)
3a4b1102-3acd-4392-a678-dd6aa5d3d8f0 done, total 18161 (30s)
3a4f052b-dfe8-4409-8077-893f94bfd002 done, total 18180 (30s)
3a5bd797-1505-489b-9880-b7ba83203572 done, total 18245 (30s)
3a6d30ed-d1c0-4aa2-8c65-9c4805871e8f done, total 18245 (30s)
3a8398bd-ef08-4fd1-bdde-5dd17056c228 done, total 18245 (30s)
3a9ff66a-69ff-408f-9d6a-00822c9e0306 done, total 18245 (30s)
3ab0e5c6-d3de-4ea0-bc2d-f1d6b984eb27 done, total 18245 (30s)
3abd4e6b-109f-43ae-8a9e-b355066d5fcc done, total 18252 (30s)
3ac96eb5-b877-4528-944f-bb341ec35e83 done, total 18252 (30s)
3ade1487-3dd9-44a2-81a8-0a627b6f345c done, total 18262 (30s)
3aefa54c-1187-4ef4-abf2-d76218ae1500 done, total 18284 (30s)
3af7807b-179c-43ed-b695-d813255c38cc done, total 18284 (30s)
3b254fce-d377-44bf-ac9b-46f3045b7b88 done, total 18312 (30s)
3b2db980-689c-4a43-b003-01bdf55beecb done, total 18313 (30s)
3b2ebd2e-9882-4ca6-889a-2e0eca71a73f done, total 18313 (30s)
3b3d7b33-4bd0-4798-8b2e-66ab2e80cb73 done, total 18313 (30s)
3b45ab1e-1ba5-4525-8d73-89207fce417a done, total 18363 (30s)
3b8c9fd4-580e-4f6b-9e37-2afa922d2170 done, total 18434 (30s)
3b99b954-22ea-4bd8-957f-e839905f0540 done, total 18450 (30s)
3bacbf02-2a5b-4c0d-8c52-b6c0335931b2 done, total 18450 (30s)
3bdaa31d-3a80-45df-97ca-2216df2636ad done, total 18450 (30s)
3be9070a-2f7c-49a2-b956-5eb75c75573e done, total 18450 (30s)
3c343390-92a9-4e40-b281-e3e3535b0595 done, total 18469 (30s)
3c7adafa-227c-4a1a-9999-87e56fc3ad62 done, total 18486 (31s)
3c7c0f6c-a60d-4c8e-a569-cb81dff89292 done, total 18487 (31s)
3c872a87-18a1-4bba-a6ef-9c7d01ec7a96 done, total 18487 (31s)
3cab4f14-d64a-4541-b3e1-447ac28414ce done, total 18495 (31s)
3cbb8d3d-1cf0-47dc-a237-45425ab310c4 done, total 18502 (31s)
3ccd52a3-937a-499d-90fb-e275a5d31ae6 done, total 18519 (31s)
3cf8fd03-3d28-477c-af88-87c1fd90c4e0 done, total 18535 (31s)
3d28234e-c8ba-4416-8a69-f25894f16ac8 done, total 18543 (31s)
3d5352d4-fe9c-4231-8890-46da64491ae7 done, total 18555 (31s)
3d539a0e-4591-4128-8c8f-e55c04a020df done, total 18580 (31s)
3d5d7ab3-3350-4fb9-8027-252f0bb78bac done, total 18598 (31s)
3d658b1f-1f5a-4805-8a4d-363fd2b1b4e2 done, total 18598 (31s)
3d6d3ac9-d207-429a-970a-b2ab462f7ac6 done, total 18618 (31s)
3d75200b-8d81-4ed5-a85b-caf16c29eb40 done, total 18618 (31s)
3daa6e3c-ec36-4597-9a2c-8f2665b7bd68 done, total 18630 (31s)
3e207c63-febe-4902-ae8a-9d67da13e015 done, total 18742 (31s)
3e62ef2a-7425-45c3-b6de-18f07924fa0e done, total 18748 (31s)
3e7153b0-ac40-4640-a012-6fabf802a26f done, total 18790 (31s)
3e941f05-a20e-4dda-a95d-5ea2b4b09006 done, total 18910 (31s)
3ebd46f9-0e90-47e4-8cf4-4125fca2f740 done, total 18948 (31s)
3eef2a4c-e642-43ba-b1b2-eb788b6c2de5 done, total 18973 (31s)
3f486a13-db7c-485f-9a81-dc3e5ce9c4f0 done, total 18973 (31s)
3f55d83a-f6b3-4996-859e-497350f4b36e done, total 19095 (31s)
3f6c74f5-2691-4360-8b27-a2915bd9c520 done, total 19143 (31s)
3f7a9f99-462c-4b05-bd9f-9d86063dd630 done, total 19159 (31s)
3f7de8b5-10c7-47c1-a3c1-bfa8fa3bcf12 done, total 19159 (31s)
3f97ce7c-f49b-4918-8efc-d893095b2de4 done, total 19183 (32s)
3f9958c3-30fa-4063-b71e-0be6813b33dc done, total 19183 (32s)
3fa870a4-ad58-4623-9751-84701ed681a7 done, total 19204 (32s)
3fdd2b1d-2de8-48da-948c-bab46aba67f7 done, total 19205 (32s)
400ea801-e233-4a26-9d03-675f1080013a done, total 19228 (32s)
4042460e-dd73-4f4a-a50d-15745482c3ac done, total 19245 (32s)
40581db4-38f6-452d-999d-48e510f08fd3 done, total 19277 (32s)
406cadee-802b-47db-b519-fd53e14d72d7 done, total 19313 (32s)
40974c3d-8083-4ca2-91d3-c9a49143c3a9 done, total 19346 (32s)
40aca72f-3859-455b-838c-44264447e1d8 done, total 19361 (32s)
40d9cffd-84d8-440c-8aad-8b474afc510f done, total 19399 (32s)
40dbfe9a-c7ea-418c-a730-df8e31d38df1 done, total 19411 (32s)
4113a6e0-a31e-416b-89d5-94be0e7afaac done, total 19411 (32s)
4119145d-88ab-46d6-9866-fe96ae4018f0 done, total 19571 (32s)
411b7e70-0a33-4330-839b-30e4b7d97cb4 done, total 19571 (32s)
4125f54c-d26a-4211-9f2e-b0da11c28a21 done, total 19591 (32s)
412b6daf-ef13-4213-9e62-7212cfdc0b26 done, total 19592 (32s)
41480850-1398-430c-ac98-851796948c19 done, total 19735 (32s)
416a390f-d684-4947-9d49-c8aa27a83131 done, total 19848 (32s)
41b0f233-7655-4c69-a485-9e6d1a143c98 done, total 19857 (32s)
41ff06be-730b-4464-8d78-b275a914cacc done, total 19948 (33s)
421ae0d7-d861-4f46-bb7d-52a43331fe1d done, total 19951 (33s)
42256508-b40d-4294-a4ca-71f7c81a3278 done, total 19951 (33s)
428807b8-5442-46ea-85f5-9e648540d5ee done, total 19952 (33s)
428a2cc5-8fdd-4d2a-ad12-066f5355e754 done, total 19995 (33s)
42933a3e-4cdb-4bcd-b980-254e353aee56 done, total 19995 (33s)
4299cbfd-baad-4831-9a9f-5ab3d55ca7e5 done, total 19995 (33s)
42aff7f9-6f5d-4f0e-a4bb-b365db6e945c done, total 20057 (33s)
42b1c806-6bed-4683-9d93-1a77eb030683 done, total 20119 (33s)
42bc216e-ad22-4b12-9552-ea0196fe5e23 done, total 20139 (33s)
42bfa3fc-c697-4776-ab8d-58d3091e45a4 done, total 20160 (33s)
42d18087-07e8-4c70-b47f-857da9e6e0c7 done, total 20655 (34s)
431e39f1-77ff-45c6-8cd8-50b756ae4c46 done, total 20655 (34s)
433eca6a-d82c-42e1-ac9d-c33302978bbe done, total 20683 (34s)
43417653-4ed3-48d9-8cd0-7b637a137d8f done, total 20683 (34s)
4360f0d9-aac3-4908-b56a-c74dca9eebfc done, total 20692 (34s)
4380476c-5bb2-4797-ae56-8f0e9f3ef459 done, total 20719 (34s)
439188d6-7798-4ad2-b837-98fcc7ba6507 done, total 20730 (34s)
43963d7f-a287-4bc5-a9a4-3784c966b5f4 done, total 20733 (34s)
4396873d-c948-451c-9d06-f0af73c1dc61 done, total 20808 (34s)
43c7c9fa-b95a-4677-9f4b-2ab36093b5c8 done, total 20822 (34s)
44266284-4732-4297-b8b2-80042271be7a done, total 20822 (34s)
443376f9-6026-4721-812f-3817050ac0d5 done, total 20842 (34s)
4466710a-d4c9-4b60-b160-64bfa2241807 done, total 21016 (34s)
446a6520-c796-40b5-899c-67cae74ab326 done, total 21016 (34s)
446bf614-2aaf-49a8-b21c-1e5d63c6ace4 done, total 21016 (34s)
44a0ae54-4b9f-41cf-8a08-fdef71decbff done, total 21016 (34s)
44a531ba-dc1e-48d2-b88d-0ccb8fbebd4c done, total 21016 (34s)
44b20658-f448-4b38-8b19-0c279b485e98 done, total 21044 (34s)
44c06666-84aa-4883-8dfa-fbffe49180d5 done, total 21074 (34s)
44c54aa4-f00f-4c33-b369-b10dacd47170 done, total 21074 (34s)
44c57456-9833-45db-b17c-91532294b81c done, total 21105 (34s)
44cbf87c-a361-4559-80c9-37066138f48f done, total 21154 (34s)
45171861-7eb5-404a-a481-e8ba8c250deb done, total 21154 (34s)
4542d47a-1b0c-417b-a2a1-5c4614286b6b done, total 21154 (34s)
4568f93d-902c-4f34-b2bd-854b4b07c1cc done, total 21164 (34s)
4590277f-e792-4812-92e8-775229344b13 done, total 21183 (34s)
459af5c4-5559-4497-88f1-f7ce43b1ba80 done, total 21183 (34s)
45b39408-ba92-4a4b-9ed8-6101e40fb53c done, total 21569 (35s)
45c9fb29-a418-4ae7-8313-e1d4ca3c198d done, total 21590 (35s)
45d35355-d2ff-48aa-8caa-0181d0fc819d done, total 21590 (35s)
461076c6-4709-4385-9c51-ca62d13be3fe done, total 21590 (35s)
4666e811-d13c-57b7-ba56-1c20b7aee1f8 done, total 21590 (35s)
46b7c25f-7b06-4a8d-a278-8d2f407f6dd7 done, total 21590 (35s)
46d7f27a-3199-459c-b28e-303f4815fbfe done, total 21628 (35s)
46de7754-ffb2-4fc2-b034-27f02700200c done, total 21628 (35s)
4706713e-4652-4de7-a315-6bd7c479514d done, total 21652 (35s)
4737000b-e0b5-4193-b638-1fea393009b3 done, total 21686 (35s)
4743d654-149b-4bbc-9097-969cdc0de776 done, total 21696 (35s)
479c34ed-57bc-46a0-a6a4-5a0e6300af96 done, total 21714 (35s)
479fa7bf-57c2-4ec2-975f-69e7ccc8f267 done, total 21714 (35s)
47bb89f2-fc45-4b72-8142-7e5c837bd064 done, total 21749 (35s)
47bfe9f8-9af6-4694-b73d-59e639d96ae2 done, total 22012 (36s)
47c548fc-fce9-439f-b396-42ad8239359f done, total 22012 (36s)
47ee1bbc-89d1-46c6-835d-da54b634e868 done, total 22116 (36s)
48f58b68-69a2-4c9f-ba8c-805d0e8c54b4 done, total 22172 (36s)
48fcd854-c358-414b-b1a6-84f006434e8b done, total 22172 (36s)
49092ab1-d4c6-4cca-ab1e-3a92e0049d02 done, total 22192 (36s)
491444a3-c8d7-401e-9708-4f4b255cfa8d done, total 22192 (36s)
49176381-d5be-47a6-8a81-2f85f5b0a008 done, total 22200 (36s)
491a10c9-63fd-4cbd-bfe6-9ced06d6167f done, total 22217 (36s)
49594f77-5882-4dda-994b-8fff198c7319 done, total 22217 (36s)
49ad57b0-6501-4935-9134-337add005faf done, total 22249 (36s)
49b2d318-8bfc-48dd-86f8-2e52f3bf93df done, total 22249 (36s)
49cab621-b506-4aec-a321-111007cbf0c6 done, total 22249 (36s)
49efa94d-d20e-4fac-9269-dc61f71da3ee done, total 22353 (36s)
4a24006a-2a78-476e-9d02-aca1c22af3ac done, total 22361 (36s)
4a453d0a-92ae-4a2e-a6ee-3258d854d766 done, total 22361 (36s)
4a541c0c-8dea-4675-b8a4-dc404279fe07 done, total 22381 (36s)
4a78205c-4b02-4fca-bd2b-b84f8cb9d0b6 done, total 22381 (36s)
4a841a38-9f12-4f7e-aeb5-bd62a1c08c16 done, total 22401 (36s)
4a9b92e1-b1be-4cc3-8336-71fa76744954 done, total 22446 (36s)
4aabc4e5-95b6-4c7f-813f-a4361ba6621a done, total 22455 (36s)
4acc62f8-a0bb-4c7a-b43d-f9e2f6a48fa8 done, total 22573 (37s)
4af01e1b-ea00-4a24-a11d-01f90e9824b3 done, total 22574 (37s)
4af68b79-02ef-4320-94e6-fef32390c15b done, total 22574 (37s)
4b0ee572-83cf-4930-9393-90cd84eff4a9 done, total 22583 (37s)
4b29bc06-c079-488f-98a6-1c39c77cc067 done, total 22606 (37s)
4b41c6f7-c9c6-4be9-9fe2-79247f69f31f done, total 22606 (37s)
4b8aecd5-1a5b-4f32-b928-a371bfefce96 done, total 22678 (37s)
4b901072-14ed-4275-99d1-8bf62afeaab1 done, total 22735 (37s)
4bdeb877-a490-458c-b27b-9f93a59e7b91 done, total 22791 (37s)
4beffdaf-043c-4c55-be6e-b71cf7f0b92b done, total 22806 (37s)
4bf94332-97fd-4212-92bf-0a67cfc3a242 done, total 22806 (37s)
4c02e036-fff8-4378-847d-207891b3a403 done, total 22806 (37s)
4c7fd5c8-537e-4c0a-b847-612d940f058c done, total 22829 (37s)
4caf3e89-261e-486c-b5cb-ec6ccdef94e8 done, total 22829 (37s)
4cc8c88a-35b8-40be-bdc9-7671e6b37f80 done, total 22829 (37s)
4d05615f-2be1-4bfd-ae90-3a18571ccf68 done, total 22829 (37s)
4d0ce346-e6fd-441b-b68c-26a17c5349ae done, total 23063 (37s)
4d1c16bc-996b-4757-ab87-d9b7d060f8dd done, total 23150 (37s)
4d450c94-2c15-481e-b6a9-9776bad53664 done, total 23187 (37s)
4d74dc16-1f2b-4f1f-8f9f-8c3289fb93b0 done, total 26081 (42s)
4daf8a7a-5d99-4969-b044-1ec5ac50eb0a done, total 26081 (42s)
4dce6f8c-0a29-4772-8e47-0c385c7fb8fc done, total 26103 (42s)
4ddc6c7e-5b99-43aa-b482-16081455c11d done, total 26103 (42s)
4e0d6b3e-bf2b-47ff-8ff8-e39dcc56c1fa done, total 26103 (42s)
4e169cb5-bee5-4e36-99cb-566b010066cc done, total 26267 (42s)
4e2a1b31-6170-4a4e-89bf-99a8f52da35e done, total 26364 (42s)
4e6839fc-c521-4ab9-8bbc-5a3de0f89504 done, total 26380 (42s)
4e923965-6306-4e89-9e91-650d53e7ee82 done, total 26380 (42s)
4ea4d2c9-8a70-4216-9340-fac6875e7788 done, total 26401 (43s)
4ed963aa-f98f-41b1-bc0f-abaacb9aa622 done, total 26503 (43s)
4ef5983c-3f1b-4329-b9ef-841f23fa59fc done, total 26514 (43s)
4f0eb207-cb19-4e20-a84b-9f3a13c35a71 done, total 26528 (43s)
4f0fb07c-b78f-4228-b42a-7e32c32f7851 done, total 26537 (43s)
4f4c6587-4651-49d7-865f-b962bd9b7c2d done, total 26573 (43s)
4fd81a74-5ca1-4868-ae44-11a9c32a86c9 done, total 26623 (43s)
4fee6648-373c-4947-9749-9bb01829fee2 done, total 26669 (43s)
50393ed4-e679-4fb8-a1b6-ac927eb9b249 done, total 26759 (43s)
503ec605-d42a-4499-bb6a-59fde80a8b2c done, total 26777 (43s)
50422f13-94a6-4d2e-9d47-0fd08a49bbc4 done, total 26932 (43s)
505bbfda-ab7c-4458-8e1e-775c0ad47914 done, total 26977 (43s)
508915ce-bbce-496b-ae43-93669952973d done, total 26977 (43s)
50a12bc9-d175-4101-b30e-0790f2c31717 done, total 27003 (43s)
50aa1b3d-1f28-4671-92c4-2d277692c11f done, total 27115 (43s)
50aea5e3-173a-49e6-b8a2-121c15d233a3 done, total 27174 (43s)
50b7a1ae-b98d-4599-bbdc-694db4741d6a done, total 27174 (43s)
50eac83c-417d-436c-968f-ca8d881f1c11 done, total 27188 (43s)
511a6bfd-8350-47f6-986d-3c4b54d9ccca done, total 27242 (44s)
513e438d-6bb7-4c30-890e-14942371c39c done, total 27245 (44s)
51433bc9-8b37-40f3-89b1-561fb0890415 done, total 27290 (44s)
516410b4-6125-48fc-961f-ddd69d7e163e done, total 27296 (44s)
516eb68a-97e0-4e68-bd3d-e19bd0e6b523 done, total 27296 (44s)
51c0e897-adce-4987-b822-02603639b05b done, total 27308 (44s)
51cc3c68-dfe3-4a65-ba64-c491e57490d9 done, total 27323 (44s)
51d0c652-da0a-4c55-8d7c-2fa85a1a78a9 done, total 27379 (44s)
51fadffc-0d66-4c65-9471-bf8c56ebdb51 done, total 27404 (44s)
5246d143-95d2-479a-ab41-f5752bf7e4e8 done, total 27404 (44s)
525edcb0-4517-4cbc-b459-ec59bf16bd07 done, total 27404 (44s)
5263df5b-3fd9-4630-a606-08bf5c70f190 done, total 27498 (44s)
529627c1-3bca-4d43-832f-7a42455b45ee done, total 27499 (44s)
52a6ac6b-d36b-4611-af9e-ca934b51d39b done, total 27502 (44s)
52b39e6a-1f10-4433-a685-3d0905c59f03 done, total 27542 (44s)
52de4035-0080-41a2-983e-2b772241b2b8 done, total 27562 (44s)
52e3b98c-304e-468e-a743-78a4a110a2be done, total 27562 (44s)
52e73db6-7234-4842-9985-53c646807963 done, total 27568 (44s)
5356cda8-7a7c-4aee-9e56-40ed28fa9c20 done, total 27574 (44s)
5383fbbc-5a73-4e63-b6b6-86d4c6739f96 done, total 30594 (47s)
53d71e67-906c-4209-9ed9-468c5cadc699 done, total 30618 (47s)
53edbe5b-46fe-4473-8da5-3eaafb4a4d89 done, total 30618 (47s)
54037ecb-ccb5-4f73-893b-a06464a32515 done, total 30618 (47s)
54086d69-f898-4a5b-8644-ba1a45382643 done, total 30618 (47s)
54319724-85d0-4100-b854-16e1797ea158 done, total 30649 (47s)
5447f848-a61d-4b57-8e82-0c366ec6866a done, total 30659 (47s)
5460aa97-1ad7-41ca-a67c-7b4c21786c5c done, total 30659 (47s)
5464376d-75a0-4ff3-bfda-c6666c6b4549 done, total 30659 (47s)
548938a5-803b-4b1e-b916-2eed65c51bdf done, total 30659 (47s)
548c750e-caf2-42b8-bc27-6b8415bab116 done, total 30713 (47s)
5490f4a4-16d4-4f1d-a26e-98c22dc7f763 done, total 30821 (47s)
54a4fe7e-4348-4d9f-a8ef-0b8c7936cdf8 done, total 30821 (47s)
5545fa8f-1b20-4813-a958-0388232e5a58 done, total 30821 (47s)
558c45a2-4afd-4ca2-a5bc-5f61fcbd4bcf done, total 30846 (48s)
55fce668-8d36-40b4-affd-85883dd9e1f9 done, total 30885 (48s)
5604e874-d771-4f73-be63-2523cdb46f9e done, total 30888 (48s)
560552f1-f7d0-4bc7-a195-5479862e1c05 done, total 30908 (48s)
5632854d-b11e-4719-985b-6d3ba2d3d208 done, total 30950 (48s)
5665e2ed-550b-4f42-abe5-b5576e9f1009 done, total 30950 (48s)
56bc4b1c-bf63-497f-83a0-fc7d4f05140d done, total 30967 (48s)
56bcc1b4-d341-4d83-906f-b528f2b1f81b done, total 30968 (48s)
56d81a43-6d82-4911-8f3c-48b8e251ef96 done, total 30968 (48s)
56e53d06-5e19-4416-9505-f53f39852013 done, total 31014 (48s)
56fb2c55-d82a-4ae7-9d4d-d5ec3d187959 done, total 31015 (48s)
57223b53-29fc-4fcf-a7fa-5c5582217b6a done, total 31033 (48s)
5725bb4e-30c9-47c2-a304-d6d5f5074b23 done, total 31052 (48s)
576f8f88-2730-40e7-8a1e-ee9bac136eef done, total 31052 (48s)
57793efa-0098-4c9e-a4a0-7ee98b61d6de done, total 31073 (48s)
57a34484-9778-4b8d-82c9-fee2bf4ddcd3 done, total 31082 (48s)
57e46363-bf85-4396-a4c2-f35422750224 done, total 31094 (48s)
58582586-fa21-45f7-940f-042a80c2636b done, total 31247 (48s)
587080d8-2be9-4597-abfc-e6f3b042af8a done, total 31247 (48s)
58af8010-f340-45e0-9f11-e1e1fe5837b1 done, total 31314 (48s)
58cd4155-c758-413d-b083-e87eba6cd90c done, total 31346 (48s)
58e6fa85-9268-43cb-80ca-635454d7e5af done, total 31604 (48s)
59d81509-8d66-4455-917b-2d281d25a007 done, total 31623 (48s)
59f4a2ae-ca89-4321-9f19-63e09025206d done, total 31644 (48s)
5a4805c7-ae7b-46a1-b2df-b548a2025da9 done, total 31644 (48s)
5ab6a92e-8ba3-4a63-bc9a-3e28dce78291 done, total 31647 (48s)
5ac1ab3b-f6ac-4ace-ac03-d53240c425ab done, total 31647 (48s)
5ad02a50-9082-4f1e-a92d-a60876992ccc done, total 31648 (48s)
5ae90ee5-0100-43e8-8d59-656f2ce35e6b done, total 31648 (48s)
5afb032b-0acc-4440-8a5c-44f9361d1bfa done, total 31667 (48s)
5b15ca76-86bf-4d45-8cf4-1737e45c5218 done, total 31667 (48s)
5b1d15cf-b979-4a3d-8232-3476f2cbee1e done, total 31894 (49s)
5b1f4c8b-e278-4c72-bc73-111a0965b1e9 done, total 31925 (49s)
5b7020d0-18c8-4de3-88b1-78a4da35f2b0 done, total 31994 (49s)
5b81264c-440f-4c70-bf69-fc4adf8be55f done, total 32038 (49s)
5b959045-cbd7-4f26-8365-f4e2bb6440a6 done, total 32063 (49s)
5bbc2165-2bed-409f-b45d-08f069096ee5 done, total 32097 (49s)
5bca6f59-42ff-4735-909a-0bd9e1b8fe87 done, total 32139 (49s)
5befd16f-e5d2-468c-89aa-c50c41e7f31e done, total 32139 (49s)
5bf8850d-56ab-4104-9e70-db92f74d1a9a done, total 32139 (49s)
5c07ab51-893a-4034-bd6f-e81cde42495e done, total 32139 (49s)
5c1732d7-a9bf-4d5a-9368-9cd7664f8cf8 done, total 32159 (49s)
5c2d9d5d-5b1b-402a-8a4a-a3f4f7331d81 done, total 32185 (49s)
5c77774b-a2bc-4841-8c2a-f61850ab929c done, total 32214 (49s)
5cc32e0e-4a6b-4173-b8c4-360ba75672dd done, total 32226 (49s)
5cd84ef9-c21e-4215-8d12-590ffe1483a4 done, total 32233 (49s)
5cf80c24-63a7-45e0-98f7-e9a02f5861ee done, total 32233 (49s)
5d2d0a56-8c91-4d5b-97ad-822fff5915e9 done, total 32233 (49s)
5d2d1e5f-9f59-494c-b771-060f45c23fa4 done, total 32247 (49s)
5d411da7-41d9-4a0b-b5fd-f73be0f531a9 done, total 32251 (49s)
5d7ddf8a-92b9-4ebc-ac51-cde30ce5bea6 done, total 32251 (49s)
5d86bacc-762f-4ac1-bd9a-ed69a237b0b4 done, total 32363 (49s)
5d97ed16-8b51-4f06-9c0c-2926fb2b2d1e done, total 32363 (49s)
5dbbe792-b73d-4d82-adaf-088ede432397 done, total 32391 (49s)
5dd8a852-c387-4ad4-9178-83ca1b665c71 done, total 32469 (49s)
5dec824c-6dce-4c0d-bfae-7a4c934bc934 done, total 32491 (49s)
5e22abc0-be4c-4eb4-8d6a-119ca57cbc7f done, total 32491 (49s)
5e4698e6-d745-44dc-80db-bc90a4c6e4b0 done, total 32517 (49s)
5e6ff155-f38d-408e-8f9e-3231dd8d7ed4 done, total 32517 (49s)
5ea1e84b-4670-444d-940b-dcb01356e341 done, total 32517 (49s)
5eabd82d-496a-46d4-938c-4701ad00253d done, total 32593 (49s)
5ec4057f-8f28-40d5-a0da-3a961ed2e9e1 done, total 32595 (49s)
5ed34230-b8e6-4009-8f40-02d966bdd2ad done, total 32627 (49s)
5ed4b288-92e9-4e88-93f2-aca6c93f2b35 done, total 32628 (49s)
5f57a22a-3cab-4af8-9211-76b1658a1b7d done, total 32731 (49s)
5f7b76aa-728f-4ba5-8b8c-c61610ac23e7 done, total 32732 (49s)
5fb0d3c5-6e69-467a-a0a7-03ee9c0dfe5f done, total 32747 (50s)
5ff7db5e-0e53-4e62-b8ee-a9db2011cca8 done, total 32747 (50s)
6008d87e-8389-4860-9db6-6ee9015f4e23 done, total 32760 (50s)
6009d011-8d66-40e5-874c-8e755e3963cb done, total 32882 (50s)
6018c2ea-fb19-41ed-b362-16da4c9a4db7 done, total 32882 (50s)
60325367-f3df-43c5-a3b2-849eca0900a8 done, total 32916 (50s)
606cdf0e-0673-4201-beb2-7ce6e1715b80 done, total 33035 (50s)
60717c58-d040-4052-81aa-5c26a7a64607 done, total 33035 (50s)
609b6aed-3896-4498-8452-162aaabf1b7f done, total 33062 (50s)
60cbbda1-5a6b-477a-8c94-925d3aa2540b done, total 33084 (50s)
60f5166a-0a71-41dc-b403-d9c1493d73bf done, total 33093 (50s)
60fd88ce-7c43-4320-b29a-5505ec033644 done, total 33101 (50s)
6146437f-1df8-4c63-9254-e41949274742 done, total 33101 (50s)
6146633a-77a8-4b7a-82ed-e433344c7170 done, total 33117 (50s)
61927556-25bb-4cb3-a89b-77d0ee607c9f done, total 33134 (50s)
61937e47-709a-4fac-9164-5d76dc39c12b done, total 33213 (50s)
61945d9a-51f0-4192-be9b-9f13d886381b done, total 33213 (50s)
6199031d-df6a-4ce3-b0e7-45f1495f171c done, total 33227 (50s)
61b315f4-55c0-41f6-a664-5d4c350cbdfe done, total 33227 (50s)
61f2cd0f-ba59-418f-b25e-a39fa40078b9 done, total 33272 (50s)
621f6e15-8e5a-4de6-936a-fdacf738152c done, total 33284 (50s)
624a18f9-b311-4664-8158-5a616cc85cac done, total 33387 (50s)
626e6a6f-55aa-4da2-a518-c1ae7e10e320 done, total 33554 (50s)
62b79a38-52f7-4cdb-a31c-0b0d8122ab2f done, total 33803 (51s)
62ce674f-a852-4968-ae41-63f23593a416 done, total 33832 (51s)
62e8c7a7-b6be-4391-8ad9-542d0ac61585 done, total 33832 (51s)
62f54dd1-ecdf-4e76-bbff-12dd93837c33 done, total 33832 (51s)
632a19bc-0a09-4586-bbb2-080a9984a484 done, total 33843 (51s)
634c0476-436e-4c5c-84d0-4624213eb537 done, total 33931 (51s)
63753a03-1c40-49b5-8d89-9d8cc6e7f5ba done, total 33971 (51s)
63869bd7-2e7b-40b0-98d4-98445b4ceccd done, total 33971 (51s)
638dbf84-9ba7-4cc6-a526-7996da1d870e done, total 33971 (51s)
63eb7264-189f-4d2b-95ee-31d79af42388 done, total 33997 (51s)
63eba1fc-0701-4ddf-9de3-2e2c8826efab done, total 33997 (51s)
6400bad4-e251-463f-a1a1-5d9d192211b4 done, total 33997 (51s)
648a4d48-0c7f-49d2-94a1-23fe62166e8b done, total 34017 (51s)
64c2bf97-72df-4f71-add5-89f271ac5c34 done, total 34028 (51s)
64db5250-8e6b-4d9b-bc20-0a986b99acb3 done, total 34046 (51s)
65123795-e5cf-4f26-a3cd-2ed379f1c303 done, total 34046 (51s)
6549fc8a-eaa0-46fa-9bf8-9b001d05c41f done, total 34057 (51s)
6585c444-95a3-4cad-8fb6-ab1d15f842f2 done, total 34079 (51s)
658eb894-b468-48c4-a058-2487b158c663 done, total 34100 (51s)
65aa3896-22bb-4719-9728-38e92e18e83c done, total 34100 (51s)
65f4c9fe-75f5-411b-81f6-b3d82d0e270c done, total 34119 (51s)
660984f6-0ffc-4ca3-afc0-c31ee2dd5202 done, total 34119 (51s)
662ef9ef-5e92-41b4-8598-2460f5095d91 done, total 34119 (51s)
6655012d-395e-4a37-9377-187a4ebf1f79 done, total 34119 (51s)
6673ea64-72f1-4af7-b9eb-81521456944e done, total 34119 (51s)
668639d4-f999-4feb-9163-fc20fecc314d done, total 34283 (51s)
66f9b5c3-158c-4349-ae5f-63deb53c51b9 done, total 34283 (51s)
6743c5fd-d542-4dc6-85ab-3ab2e8cc090c done, total 34293 (51s)
678229cc-077a-4ae2-98c2-1f252138b7e3 done, total 34293 (51s)
678a4e47-2ae6-4667-9cf4-f90e05e9e67b done, total 34293 (51s)
67cc48dd-5642-424c-b657-f73112fa378e done, total 34296 (51s)
67ed7c43-407e-4ba6-8330-b201af06fcf2 done, total 34384 (51s)
689036d8-95ac-4136-b28c-f38aab8cb437 done, total 34430 (52s)
68dabe0e-b6eb-400b-a1f5-153915180bcf done, total 34454 (52s)
69139dbb-66fd-4e08-afd5-207a615ab9c0 done, total 34508 (52s)
692154d5-f532-4679-b601-249fed6c3490 done, total 34509 (52s)
69384356-1df2-4a53-bf21-bab1333cf0c5 done, total 34509 (52s)
693bc658-ada0-44c9-8369-9a130d76fd90 done, total 34525 (52s)
6981eed3-e362-40c2-aab8-0c49fdc90415 done, total 34549 (52s)
6986fb02-74ef-457c-b322-ba01cb89fd11 done, total 34558 (52s)
69a575f4-936a-44df-8d03-4b9dbceda093 done, total 34588 (52s)
69a887b3-96b4-4314-973a-163319fb6f27 done, total 34599 (52s)
69b707d9-2551-4a13-ae9e-937db03ce753 done, total 34599 (52s)
6a018c4c-1af3-424d-b2df-ac2cfd075a05 done, total 34607 (52s)
6a16f6b2-f823-42db-8b6c-19eadf862182 done, total 34611 (52s)
6a2a451c-c9ed-4e1f-b20a-cee032fc8d6b done, total 34611 (52s)
6a31ad06-a421-407c-86b1-8fea61709dbd done, total 34668 (52s)
6a387778-338a-4017-b849-28d737f14c7e done, total 34703 (52s)
6a5cfd2f-ebc2-4551-b1b9-580af3ee2ca1 done, total 34759 (52s)
6a67ee80-08de-4e56-92fa-68006346fee7 done, total 34765 (52s)
6a6f874f-ef76-4025-847b-2fbcf3ebfd7f done, total 34878 (52s)
6abed828-45ce-4525-952f-937cc6969759 done, total 34941 (52s)
6ac36eeb-590a-45af-8721-056cba96a1e0 done, total 35000 (52s)
6acc3725-514d-4c64-b561-0c24f8bb992f done, total 35015 (52s)
6afc1fcc-5596-4983-91bb-29e47dcb8b6b done, total 35015 (52s)
6b413bb5-694b-463c-8ff3-f28c5c03f54a done, total 35016 (52s)
6ba4ee5a-16e4-4fe1-a124-8ce07c411dd5 done, total 35016 (52s)
6bbb0e38-eadd-425f-b654-22c265dc55aa done, total 35066 (52s)
6beb9991-09fb-418b-b2b5-69d7176da7b7 done, total 35074 (52s)
6c357f0e-ddd8-4353-bd6f-e578bd59475e done, total 35210 (52s)
6c6d3f44-fd72-4933-bea0-ad24e37d72c5 done, total 35210 (52s)
6c89d585-7358-4a7f-80b1-576214eaa780 done, total 35240 (52s)
6cba48c7-4205-4309-93d4-a977911eeca1 done, total 35240 (52s)
6cc1f8cc-c22b-4d75-9d70-c58486b2a1c1 done, total 35259 (52s)
6cc2c9da-4003-4a82-bf31-827c4aed01c3 done, total 35299 (53s)
6cdba0af-8df5-4963-a012-8fe67754c198 done, total 35299 (53s)
6cdd24b3-9999-4c09-a13e-04871cce2eb3 done, total 35302 (53s)
6ce435c0-e329-40e1-a1cc-51ac878c9aef done, total 35302 (53s)
6d0d5374-827d-479a-b04d-8f9eb692d71a done, total 35327 (53s)
6d2a04f2-5092-4677-8739-7167aa3a5d10 done, total 35327 (53s)
6d4ac701-be20-4b62-bc97-b5dbd33dfc3f done, total 35327 (53s)
6d6398f6-baf4-460a-94df-109db4bd9a2a done, total 35615 (53s)
6d6756ad-b36f-40ed-baec-355fd430cb0b done, total 35615 (53s)
6d6f17fd-34f8-44d1-b9a9-80cdc6937501 done, total 35668 (53s)
6d765b04-8ebc-4336-84db-d0838fdd6b3d done, total 35726 (53s)
6d810620-2627-480c-ba0b-2791dea0b138 done, total 35726 (53s)
6da44e33-40cc-41a8-8967-8ea9de1322d2 done, total 35762 (53s)
6dace5fe-8fc3-4b1f-8490-6204dbdbfb47 done, total 35778 (53s)
6e6586c3-1c24-4280-9ff0-a56c48d13404 done, total 36052 (54s)
6e8545ea-4dad-4198-9826-6e98603be48b done, total 36067 (54s)
6e89afc1-ed1d-4de4-a074-7c0ef8cf0dbd done, total 36093 (54s)
6eda75e9-15cd-45f8-a9ea-e9765728b2c1 done, total 36093 (54s)
6f11b82c-afa1-409e-8a6d-5c5c4c0121b3 done, total 36093 (54s)
6f39e5cf-07b7-4ea5-95db-6e1d0d0de2b9 done, total 36114 (54s)
6f833ce7-7aba-430e-a522-58fa058f4936 done, total 36114 (54s)
6f8819d7-298c-48f2-a252-a998dc8dc763 done, total 36128 (54s)
6f8cc264-89d4-482e-8658-ed312d226247 done, total 36147 (54s)
6fb79fa0-1754-4eb0-a949-ce01436e4fb5 done, total 36147 (54s)
6fdc44b0-def6-4667-893b-e33f92de78c7 done, total 36147 (54s)
6fe9708c-9aec-4da3-82b7-919e46c1d100 done, total 36157 (54s)
6ffe6272-efd4-4858-be26-49d758ad6ba3 done, total 36191 (54s)
700bb362-36f4-4a33-8e24-d812681f6e74 done, total 36198 (54s)
700de8ac-2603-4493-ba01-3e6260cb2647 done, total 36230 (54s)
70208daa-8041-437a-af9d-3e66f801a487 done, total 36230 (54s)
70455f0d-e2f0-4f09-ae97-7865edabd604 done, total 36230 (54s)
704c4a77-9ae7-4172-971d-6f3a90056b3b done, total 36230 (54s)
707ad841-afc1-4372-9bd9-78d02cade5f3 done, total 36230 (54s)
708e5d23-adda-41a5-b821-cbf48ab898b2 done, total 36230 (54s)
70d3a077-4c64-4203-a1e3-e00a2f0d5810 done, total 36237 (54s)
70f8af84-f92e-47f6-beb9-27ffeda299f0 done, total 36252 (54s)
71a5bf10-ac7e-410c-b734-0248d304f9be done, total 36252 (54s)
71a901c0-a87d-410b-989e-32720feefb4b done, total 36317 (54s)
71abe627-f0b8-4d03-b997-b40a6a4d21e7 done, total 36349 (54s)
71b2118c-aa77-48ec-a7e3-e2ded6675431 done, total 36349 (54s)
71b4e662-20ac-40fd-9eaf-a672e1cc7822 done, total 36349 (54s)
71d5a034-3833-45da-a758-a9d973e41598 done, total 36349 (54s)
71f822a8-761f-41da-95f3-3511df94ce0a done, total 36349 (54s)
72074179-28fb-4846-8d68-c1ab47dc6130 done, total 36421 (54s)
720d4b62-37d7-4147-b499-d5365a35fd66 done, total 36465 (54s)
724016ef-20b3-4cb2-8fc0-ee9d940a3f2d done, total 36481 (54s)
724d4c27-5c5a-4b5b-9664-e30b6381ed7c done, total 36481 (54s)
728a2a01-6391-4084-a5e3-bc07d8b03c5b done, total 36501 (54s)
7290ea4e-bad8-4048-af02-7b70623ae91a done, total 36530 (54s)
72b1cf85-95ef-400e-a12d-0483101f1337 done, total 36530 (54s)
72b41adf-17b8-4977-b60e-fce4c6b4f055 done, total 36530 (54s)
72df1df7-9c1b-45de-a6b0-0e2ec1fe28fc done, total 36583 (54s)
72eba403-1b8f-4bea-bd98-a20c5bc6f4b8 done, total 36669 (54s)
731b3c45-91dc-451b-9f1d-79901ef3e879 done, total 36670 (54s)
7370b140-e0c7-4b21-a418-2ee502157df7 done, total 36670 (54s)
738480d0-ba7b-4587-a01f-2e5c2ffa6255 done, total 36670 (54s)
73c7b3b0-4aa2-4d96-b8f4-a1818cb452bf done, total 36679 (54s)
73ddd01e-e5fb-4025-95b4-556b6c2d4954 done, total 36695 (54s)
73f868e8-2fa0-46f3-899a-6739e79c7056 done, total 36695 (54s)
741526be-e814-4d8c-8057-10e8f8aa8054 done, total 36695 (54s)
7416bf89-cb7b-4827-9fa4-2545e925bc17 done, total 36695 (54s)
74269606-ee08-491b-9823-d0e15c145563 done, total 36720 (54s)
74482147-dc79-4c71-acaf-8015e88299f8 done, total 36720 (54s)
745530bd-3ab9-44f6-bad7-655024012bdc done, total 36875 (55s)
7468d992-3625-4e8c-a658-5f238b59b41c done, total 36907 (55s)
746f80a8-6f9a-48a0-884d-f38706d57993 done, total 36986 (55s)
74a752e0-8320-44e1-8523-6ea1217d0d1b done, total 37053 (55s)
74cdbda4-fddf-4002-9b24-f2903d2fe4ed done, total 37054 (55s)
74e99ee1-f9cb-468a-9b89-ed5fe011007c done, total 37345 (55s)
75244394-b3e1-4739-917e-d5e20f193d79 done, total 37421 (55s)
75343d5a-cacf-4d9a-990b-dbe36e12531e done, total 37421 (55s)
75474e5c-5e9f-4667-9e86-91da2c98ec46 done, total 37440 (55s)
755a63a2-7144-450f-8eca-8d98412eab01 done, total 37653 (55s)
7566f1e4-b752-42cb-8d72-2851b3fd840e done, total 37661 (55s)
75754d8e-54d0-4094-98c1-cf2e7f46f1da done, total 37669 (55s)
757e1016-6054-4692-a8e4-caee6b6903d7 done, total 37771 (55s)
75d2dbdb-7bfb-47f7-b9ee-d885d04e33b4 done, total 37772 (55s)
75f8d9b3-5939-47c0-b2a1-b64f7951f3c1 done, total 37775 (55s)
760e1f21-ec93-480c-bae3-7f52dd51123d done, total 37775 (55s)
7610c5dd-0184-45aa-a19f-6a0190a47936 done, total 37775 (55s)
76227a62-26fa-437e-a89d-7148d45f8c75 done, total 37961 (56s)
764a7db7-069f-40a8-849a-d5782fc363d6 done, total 38001 (56s)
764abc8a-018c-405c-9310-53bc354d3ebe done, total 38001 (56s)
765d3315-7737-4221-8839-8a7f74f42988 done, total 38017 (56s)
766957f3-a5a1-49b9-ad3f-a615ac3bdde1 done, total 38041 (56s)
76c40c97-3b44-436f-9de4-614b3c4dd631 done, total 38085 (56s)
7741db92-c764-4a9b-bcec-58a95a5ef828 done, total 38085 (56s)
77761a7f-2ae9-413d-befb-264074da0efe done, total 38161 (56s)
777c9e1b-a98a-4d7b-a896-f1e031fa701d done, total 38161 (56s)
77a6689a-c56a-4903-bac2-03f5cbebb15f done, total 38162 (56s)
77bf6139-33b7-495a-9dea-e66cea5e8f78 done, total 38162 (56s)
785952f1-b003-440b-8cbf-52f05214c390 done, total 38431 (56s)
785a59e7-5a44-44d9-b6a5-bcde23cd4e57 done, total 38649 (56s)
7875cb52-85a1-4da3-b35e-b9daf458dcf8 done, total 38650 (56s)
78d0e839-461d-4345-b303-b736771404a1 done, total 38673 (56s)
78d940cc-50cc-432a-a782-e1311c78f096 done, total 38688 (56s)
7910bbd4-7b92-4218-9ed3-bca92662d3ab done, total 38711 (56s)
794c4142-0d01-491c-9fe4-847d210e384c done, total 38724 (56s)
7957e52e-a933-4374-8469-150fe23d03ba done, total 38761 (56s)
7966544c-2ec5-46bd-b136-b60219d32577 done, total 38842 (57s)
7994fdb1-ba05-4a83-862c-cb49a1d867ba done, total 39271 (57s)
799ab30f-111a-4229-83a3-93148c0fd3d3 done, total 39275 (57s)
79b4e4ff-cb9f-4333-b290-f832fc5b0969 done, total 39275 (57s)
79bb0ef0-2907-42da-b48f-f17f73a30208 done, total 39289 (57s)
79cdbf9f-7bc3-4e8d-a3e5-2be38f01bf6e done, total 39289 (57s)
7a3f12c7-6d19-4195-a680-532767365235 done, total 39289 (57s)
7a486fab-db48-48b8-8934-c8b85d114010 done, total 39308 (57s)
7a549dc5-9f87-4958-874b-94062f503f02 done, total 39435 (57s)
7a6bf7db-82a6-4b3c-8c2a-a26209b4b97c done, total 39439 (57s)
7aadbaca-92e1-4ff3-8a67-df44292b1582 done, total 39478 (57s)
7abc1834-6121-4ed5-bb7e-2bcc96981f0b done, total 39492 (57s)
7ad1b951-ecdf-4702-9267-61c1fd66505f done, total 39590 (57s)
7ae9e53b-e27d-46be-a909-6ec2bbe21c50 done, total 39590 (57s)
7aee0506-5ba0-412b-9b08-9c6a52a732fd done, total 39590 (57s)
7af23c77-05f8-4d2d-901c-63956464d760 done, total 39590 (57s)
7af7e5e2-7fe8-4383-a143-1ae4c1b51ab1 done, total 39590 (57s)
7b2849ee-d2ed-4530-8124-f8b6571cff26 done, total 39590 (57s)
7b2d9630-1727-40f1-9b86-7a270eaa4dbf done, total 39590 (57s)
7b406829-15ad-4f86-b4fa-9a82a06e4c5c done, total 39591 (57s)
7b48f5b2-8fff-4a6f-b68d-f4f25a6d7ef2 done, total 39591 (57s)
7b5f3a27-6d34-4c8a-999c-3db0d2e6fb75 done, total 39592 (57s)
7ba5d5bf-991f-4a9e-a8b5-8a33da496773 done, total 39603 (57s)
7bccf333-7617-4885-82cc-61361e98ee1a done, total 39703 (57s)
7bdbfc12-141a-4301-9881-30b5ff0d210e done, total 39703 (57s)
7be3145c-7ac8-4dcf-94e2-d97b39d69b2d done, total 39721 (57s)
7bfe539d-8c2a-449b-a9f9-9eea6aeeab52 done, total 39733 (57s)
7c489b10-b786-4352-aa65-8dbbd889eed7 done, total 39733 (57s)
7c550837-e339-49cb-9b92-93edb64f2aff done, total 39740 (57s)
7c8fbdd4-a554-42f7-ac80-f2f2943a00c6 done, total 39751 (57s)
7ca9b3a2-5eb3-465b-a779-be9b2e2510f2 done, total 39752 (57s)
7cb2102c-8a06-41a0-8544-94b826f6a081 done, total 39752 (57s)
7cbabea7-7791-4829-962b-771ce2606d63 done, total 39752 (57s)
7cc0c011-737d-404d-a97d-569398d2fcc2 done, total 39787 (58s)
7d5f2456-a1cb-4a4d-9ed7-2ddbe8e9d202 done, total 39790 (58s)
7d5f4932-e460-4a7e-8fab-404a072c9be7 done, total 39793 (58s)
7d735093-df61-4898-a6c4-eb5521ff9aa3 done, total 39801 (58s)
7dd2d487-accc-498b-82b7-c04e7b673551 done, total 39816 (58s)
7e0739ec-d15d-41da-9acc-91a19b6f7317 done, total 39816 (58s)
7e150438-079f-4c5d-8b7f-ae6ec6b778f9 done, total 39816 (58s)
7e4242bc-efa2-42c3-b1de-5a7d248d8cb3 done, total 39816 (58s)
7e63957a-5033-45a7-8811-4a17a265d7b8 done, total 39816 (58s)
7e69c7bc-9fe1-46d2-873f-039baab90921 done, total 39816 (58s)
7e775848-93ea-43f9-9f4d-d599fd17591e done, total 39850 (58s)
7e79547e-ab52-44ad-8989-5e81fa182b62 done, total 39894 (58s)
7ec0a48d-8e0c-4088-907c-8ec7e414655a done, total 39913 (58s)
7ec2ba99-8db0-4190-aa2c-98d05f071ec1 done, total 39913 (58s)
7f00d822-56bd-4b3d-9edc-71f8daf1062c done, total 39913 (58s)
7f4cfe5f-4f1b-4d6c-aebc-1dfe69999751 done, total 39981 (58s)
7f59ee84-eaa7-4f02-9c2f-4abd194f585c done, total 40034 (58s)
7f815f7c-e4ca-451c-857c-69d5ec398ab1 done, total 40073 (58s)
7f8ac8ea-140e-4e51-a9a4-877db853777a done, total 40109 (58s)
7faf5d33-c377-40f8-9fe7-ac2641117301 done, total 40179 (58s)
7fe9218a-9538-42b2-898b-ad5e3f747e2b done, total 40291 (58s)
800c5000-b919-47a8-a724-04b5e774ba6f done, total 40291 (58s)
802b3ae6-d780-4e09-8083-98ff71123f44 done, total 40313 (58s)
80ca2e5b-81c3-4dbe-be57-a8666fa4605f done, total 40313 (58s)
813cce6d-8776-4f61-a33e-1690dc35ae69 done, total 40313 (58s)
813fc8ab-401b-4ad1-addf-37b407a4927d done, total 40332 (58s)
817cfa27-8285-4aaa-8d48-ccd513be8f19 done, total 40332 (58s)
818ba717-12f7-445e-9c83-a4ecbb28999a done, total 40349 (58s)
81c1f441-f8c2-4b91-8e70-99ea6ff937e5 done, total 40371 (58s)
81c94de2-7598-46da-81a5-3e5ce669f1b9 done, total 40371 (58s)
81d0a1fc-6cbe-4807-be27-ec6893cc66ab done, total 40393 (58s)
81facba0-8f00-4488-afec-56fcf6ddd7fd done, total 40400 (58s)
8207cd2d-72ac-44c5-910d-a3f21e183a98 done, total 40521 (58s)
820d23f3-399a-479f-a5c3-9b4d0e9f41fb done, total 40521 (58s)
82315618-ae68-4f67-9b61-56b351b07079 done, total 40521 (58s)
823edeb8-e04f-46d4-820b-98df6f660435 done, total 40815 (59s)
824829b6-f3f0-46a6-83c4-378d6b5672cf done, total 40815 (59s)
825aa26e-089a-47aa-884a-ef188282cbc2 done, total 40815 (59s)
8280d9ff-b4d2-44ab-806f-aec21697fde0 done, total 40830 (59s)
82e5b5de-4092-4fbe-89b4-4f2a60d62373 done, total 40844 (59s)
830a5022-860a-4264-94e9-47037447b0d0 done, total 40878 (59s)
8318b9f9-1002-4543-b956-96ad2f26ab20 done, total 40889 (59s)
83410198-ae87-4885-92a0-ccebd0ba7c21 done, total 40889 (59s)
8349de5e-0c77-468a-9e5c-d71223ffe6aa done, total 40889 (59s)
834dfe27-1a19-4c1e-97b6-7a27e0f31b27 done, total 41174 (59s)
838e80ef-e56a-4f39-b83b-c7bc88c8a925 done, total 41208 (60s)
841d70f9-f75a-4d61-a51f-b9303f01ea6a done, total 41227 (60s)
842d3277-7535-4450-bd59-29264e02d521 done, total 41253 (60s)
8470eff7-e344-4039-9888-0af6df2350d7 done, total 41283 (60s)
854f6a95-ec6b-466c-b309-b9dab3ed96f3 done, total 41302 (60s)
855d74ed-4408-43f8-a06c-eddfc20246f2 done, total 41315 (60s)
856890da-8063-45c8-b43c-2d9e2b5f6d5b done, total 41344 (60s)
8592baba-7f97-466b-9e23-fb2aa09a20c9 done, total 41344 (60s)
85d10ff5-de39-4d20-a37b-ec2a199e89c3 done, total 41358 (60s)
86146b11-bf91-4f7b-a537-0a03fac2c2d9 done, total 41408 (60s)
864021b0-b83d-4f44-8908-7d55860ad16f done, total 41408 (60s)
86448a52-856b-4482-92b3-7f8c01b79329 done, total 41408 (60s)
8663ac27-da75-4a04-a19f-c7ea808d3835 done, total 41422 (60s)
8679b7e4-8986-4694-956d-04fc4eda6683 done, total 41422 (60s)
869e414d-e7c0-4151-98a1-d4b4f165b368 done, total 41447 (60s)
87034882-6c13-46f8-bc56-78191a35ccd6 done, total 41481 (60s)
8709d80d-559a-47a8-8f58-d2b9041f3398 done, total 41481 (60s)
870e22ff-27aa-48f8-add8-083459e24398 done, total 41517 (60s)
8744e115-ea16-4fa2-98e9-551171022638 done, total 41701 (60s)
8756094a-1241-48f0-bf82-07f783b81562 done, total 41719 (60s)
877aa7a5-76ff-4bd1-ad8c-422213a32c77 done, total 41743 (60s)
8788fe10-7f20-427d-807c-1f48a5c0c559 done, total 41760 (60s)
87e41716-7e07-4cf4-a67e-e71f79c3943c done, total 41809 (60s)
880e25fc-0fcb-4b9b-9c65-15568c39ed10 done, total 41809 (60s)
88793dc7-efe5-4e99-90b7-da15782b2354 done, total 41827 (60s)
888f89cf-6c96-4050-8707-49e4ae19ad53 done, total 41827 (60s)
8890444d-d21d-4c9f-843b-93601b04ab9e done, total 41827 (60s)
88a0ab04-32e7-4af0-a72b-8218f6bb5c7b done, total 41857 (61s)
88e3d15a-eda3-4ce4-b9b3-2a2c339a23d0 done, total 41906 (61s)
893a6ec8-ea7b-41d1-ba13-487a637cac6e done, total 41953 (61s)
893cb478-8f2a-4719-8a04-1557102bb43e done, total 41953 (61s)
8954a442-5e5f-487e-84a8-bcaf6b137c27 done, total 41953 (61s)
89a051cc-61f7-4fa3-b8c1-ed4068e5f926 done, total 41953 (61s)
89b3ffb4-c04c-486a-bb4b-cf5d64f2c7e3 done, total 41953 (61s)
8a713a4e-ac6e-45ea-97a0-a5d3cdc12cf6 done, total 41953 (61s)
8a75740a-0178-4cb3-a023-049639ca244f done, total 41966 (61s)
8a8e1e12-8202-4d0f-80b3-a6009ddaa285 done, total 41972 (61s)
8a8fdb4c-86d4-4da4-8248-8827169b16a9 done, total 41972 (61s)
8a9737ce-1838-4cdd-a5de-7c3d2c50f670 done, total 41972 (61s)
8aa92dbd-8709-4074-84a5-c1f5f824859d done, total 42060 (61s)
8aade311-ba5a-43d6-b9a4-2f733516e364 done, total 42074 (61s)
8b462e53-6cb8-4e47-8e40-2a85fa34895c done, total 42080 (61s)
8b93633e-1bc5-4062-816c-d4ca7757775e done, total 42080 (61s)
8bf05010-833a-41c9-ad95-7da690f7d36b done, total 42080 (61s)
8c043f74-8dec-4307-9b41-170614733ba1 done, total 42087 (61s)
8c45c19d-58cd-4e43-8add-93d37641ec0c done, total 42113 (61s)
8c51da98-953f-4f56-9379-edd602cfbca8 done, total 42113 (61s)
8cb0e0ae-f961-4e2b-b843-a86394878956 done, total 42113 (61s)
8cb6b9b9-bd42-421c-b374-70f32f89ed68 done, total 42139 (61s)
8cbf5577-cac4-4810-a6d7-463d79a74a7f done, total 42139 (61s)
8cd84107-2e29-4128-a214-3e3c1076daf2 done, total 42139 (61s)
8ce80dd1-c158-4d2e-a51c-f4bcdd383082 done, total 42139 (61s)
8cf83017-89ad-400a-8352-32102f2202a7 done, total 42139 (61s)
8d04fcb1-2d4b-458e-bdca-9ae98f563a2e done, total 42162 (61s)
8d28f3c8-7e4d-495e-ba2a-35ebcf6a2181 done, total 42162 (61s)
8d31ee71-5f3d-4ddc-9956-6e5b6b6477c8 done, total 42162 (61s)
8d402f19-d79d-4427-99dc-73a4739cec78 done, total 42347 (61s)
8d4218df-7d43-4ede-983f-219af7a42e94 done, total 42361 (61s)
8d421d5a-691e-42f4-93a9-e7d9f14aff4d done, total 42415 (61s)
8d60b34d-30e9-42a6-b371-27abd8e80b67 done, total 42415 (61s)
8d6a258c-cf5c-4476-a473-a5f6678653f2 done, total 42415 (61s)
8d87ef11-c625-46ad-bc49-f31a750a3728 done, total 42427 (61s)
8e19fe57-83fe-44b3-865a-445c835fd206 done, total 42458 (61s)
8e205068-fda1-4eb4-b979-346425776809 done, total 42464 (61s)
8e2d0b8d-948e-42f6-9aa0-82e87d013ccc done, total 42464 (61s)
8e4c1e1c-c1de-42ed-8cf3-db67a738a78c done, total 42464 (61s)
8ee06d4a-c918-4f03-924c-0f08a7f69042 done, total 42503 (61s)
8ef8e8ac-a7e9-447f-a954-b04660ba3839 done, total 42519 (61s)
8f6a8052-7778-4f8e-acf3-ae886695f5b4 done, total 42519 (61s)
8f84f049-7e39-4dca-a71b-135749989f25 done, total 42519 (61s)
8fde5cb5-4107-4eec-a53f-dabfb08709aa done, total 42541 (62s)
8fe5dabc-5baf-4937-91e8-175a777b9a9f done, total 42546 (62s)
9011b99f-96c5-468f-9f44-cae4580453a4 done, total 42546 (62s)
903057b0-bdb4-44c1-a6e8-2ad69db4da70 done, total 42562 (62s)
90691561-8892-4E81-9FC4-64EBD57D6E0B done, total 42562 (62s)
907c3838-6458-4fa9-9146-e6339a0e9669 done, total 42563 (62s)
90a393e3-1dd8-4821-8195-fc85d699bdd4 done, total 42577 (62s)
90c9e611-fe59-4bb4-bef8-a5fd4c86a27e done, total 42592 (62s)
90cde9b5-5d52-418a-b86e-2cbd36908c47 done, total 42610 (62s)
90cf6d7b-2b52-412b-8d64-a9e60dbdecb5 done, total 42611 (62s)
90f3ab7f-e51f-43ff-aa2a-fdee6a2eb40b done, total 42611 (62s)
912bd0ea-6e69-4caa-afc0-2b0b224ec023 done, total 42611 (62s)
912cb061-4bcc-4128-9602-fcab30d279c5 done, total 42718 (62s)
9144a90a-ce12-4855-ad11-94b1398e8fed done, total 42755 (62s)
9175802a-033c-4d7f-b536-dfd3c305413d done, total 42755 (62s)
9177a084-08e9-4ee1-aa85-485d66852e0d done, total 42755 (62s)
917f464e-8dd2-4a1f-a249-e1a896cf7352 done, total 42756 (62s)
91d803aa-cef9-403b-a227-3aaed1fd5e65 done, total 42769 (62s)
91efa88f-a9b3-4a56-bae7-3573e8151dec done, total 42788 (62s)
92081a23-0123-4f02-8368-9af4fd2c2ef8 done, total 42809 (62s)
920f46a3-cdfe-4f31-8940-afddf4bd0f22 done, total 42947 (62s)
92142108-3908-4c3b-83ba-51c567958d57 done, total 42991 (62s)
92180a01-2117-4abc-b298-3e152016d594 done, total 42991 (62s)
9238d1e7-6309-4dab-84b7-ed141e9d49b6 done, total 42999 (62s)
92518fea-2856-4afb-b8a8-38ea3f9260c1 done, total 43038 (62s)
925ebc7b-4e88-46d1-9f3a-45109309b3fd done, total 43038 (62s)
928f6878-440a-4cf3-9f3b-b650b4d35a9e done, total 43038 (62s)
9295d66a-4d4e-4229-a1fb-e29a8d134a9b done, total 43038 (62s)
92a6cae2-1931-4619-9cfc-c3be5a0ad498 done, total 43038 (62s)
92a7332e-def6-423a-a487-1fa019c8a0f6 done, total 43038 (62s)
92a876f0-9938-4213-814c-a92c4769cd56 done, total 43041 (62s)
92b47bac-da67-40db-9b64-3a4a6691e2e2 done, total 43041 (62s)
92c85f57-1d1a-44d3-9e31-1fcbbf7372ba done, total 43041 (62s)
92f8ef2b-2328-47b0-9b5f-5e5d1bd09983 done, total 43041 (62s)
93065a00-13ce-4964-b935-049cc4dc6aa5 done, total 43051 (62s)
932a29aa-f047-46e8-a284-19522232dc2a done, total 43094 (62s)
9388527b-1a9d-4a71-a8f8-1caa5ee8e8e0 done, total 43128 (62s)
93adf127-5d0d-4566-a4f5-a744324c6148 done, total 43152 (62s)
94154a5d-b09f-4aa9-b24f-ab0f831cc781 done, total 43511 (63s)
9479b06d-1445-4488-9e67-a78964082c61 done, total 43522 (63s)
95151fe0-e873-4e32-97f6-7f2da741f29d done, total 43522 (63s)
952de62a-ede5-4a65-a615-2639dfed1a40 done, total 43522 (63s)
95574b16-0725-4042-bed8-8589f7b2e851 done, total 43732 (63s)
955d6a77-baba-4ca0-b996-08eb40c028fa done, total 43762 (63s)
95670767-c92b-450d-b5d7-ffe8ede5e30d done, total 43775 (63s)
95a2bb35-c4a8-46cb-bdb1-97e0bfe7f5d9 done, total 43775 (63s)
95aebfae-2fa5-46f2-9d5e-bb50ad3a1e53 done, total 43775 (63s)
95db27c0-6ba7-44ed-bad5-2dfb5b97d833 done, total 43790 (63s)
95e19a7a-bfe0-4f48-a014-52426ac5969f done, total 43796 (63s)
95e56e73-3829-4fc8-8447-3dcbc1f34627 done, total 43813 (63s)
95f6c0ce-cf0a-45d6-8d07-200197417635 done, total 43813 (63s)
9631117b-29ec-41d4-af62-c6977783f35e done, total 43837 (63s)
96429b7d-dba1-4820-b2b8-e26f33a62ab8 done, total 43867 (63s)
9650c079-1a50-426c-9dda-79a0991ea876 done, total 43867 (63s)
9697f2a9-524b-45fe-bf2b-e8b5f497ba16 done, total 43874 (63s)
96b8f37e-13ba-4fab-a38b-e8a7b4a5024a done, total 43874 (63s)
96dce7ad-22a5-4dc6-a7d1-8992d3a19a96 done, total 43918 (63s)
96e8fe88-d5cf-40dd-968f-05695fd287bf done, total 43926 (63s)
96f9b1bf-a56c-40a8-abe3-1b59e2236cfa done, total 43932 (63s)
970e82a2-a88d-46a8-bd6a-1c580825f0d8 done, total 43934 (63s)
970fa506-60d2-4f3a-95f1-9ea7117c2451 done, total 43942 (63s)
973d6929-3bdc-44e4-9dcb-c0799e5b29f5 done, total 43997 (63s)
9784dfdf-fa05-4926-a4b8-a6b37585a873 done, total 43997 (63s)
97dd2526-5574-417a-984e-9c7f1b3dceda done, total 43997 (63s)
97e7c281-6dbd-423c-bfe7-46e2cd68b77d done, total 44007 (63s)
97ecb481-afc6-421f-9acf-2d710544a876 done, total 44007 (63s)
9800b65c-6971-4167-9762-ff47798fd8e2 done, total 44019 (63s)
98242177-129b-4623-82bf-dc55a531d62d done, total 44066 (63s)
985878f1-370d-4132-94a2-a1d1f34454b6 done, total 44135 (64s)
98969465-605f-4c87-8119-5c7240c27153 done, total 44135 (64s)
98a39fe4-3501-4782-8e94-56c12fb1becb done, total 44153 (64s)
98c5cc10-acbe-4210-a437-3134d2d92365 done, total 44262 (64s)
98c7f62c-73df-4ea9-a36c-9026e18dc2ca done, total 44274 (64s)
98e874e2-0cb9-4abd-a6d8-a4aad819fd6b done, total 44274 (64s)
98edf6ee-3fc4-4e35-88b5-6c8dc5393a02 done, total 44298 (64s)
98f22473-a775-466a-84a4-4f00dd8779d1 done, total 44298 (64s)
990b3051-1088-4183-a0b0-696a9585f14d done, total 44323 (64s)
991643e6-e122-42e2-9608-02b9175275b1 done, total 44323 (64s)
992b24cc-d852-4207-804e-a40073ca53f6 done, total 44323 (64s)
993355df-0a3f-47f7-9e14-686d58437eb3 done, total 44323 (64s)
995170ac-84bd-4532-a67f-41fa0816b2be done, total 44323 (64s)
996eb011-7cd8-4cad-80f2-9fb1f318dd6a done, total 44342 (64s)
9991e46c-d6c6-44c6-aa73-f33f3d6a5a64 done, total 44353 (64s)
999d4efa-1864-491c-a43c-79ca66076cf6 done, total 44391 (64s)
99a7086a-f1c3-44b0-825b-798ffc42d2de done, total 44431 (64s)
99bc2755-6eb5-40c7-a5cf-5c4dce25e907 done, total 44431 (64s)
99bcd30f-605f-427f-8b76-169d6a832628 done, total 44457 (64s)
99c7b0d5-8511-4f95-b3c3-bfc3ce674aa4 done, total 44656 (64s)
99c8a903-585a-48e1-8393-e4a6b694c5ae done, total 44667 (64s)
99fb09bb-dee2-4fa7-b24f-7886d9446129 done, total 44680 (64s)
9a05db4a-3880-4b3a-a692-aaf09fdb4061 done, total 44680 (64s)
9a3fcb85-b7b7-4c34-b0a7-01b38cc37f9e done, total 44689 (64s)
9a884fac-a01a-4cd9-ab36-bc9c09d2d946 done, total 44689 (64s)
9a92e219-1858-40d1-876d-73dc28427a68 done, total 44724 (64s)
9ab6478e-6982-4c6b-859b-9ff6f7795ddb done, total 44724 (64s)
9ae2a64a-57ae-4cf9-9b49-afc6428c4f81 done, total 44724 (64s)
9af7de88-20a5-45b1-89ef-101eb7f765ef done, total 44724 (64s)
9b1411c6-afd9-4a5e-a52c-a1809e5e2114 done, total 44904 (65s)
9b1504aa-5b91-4542-a672-3c721263bab9 done, total 44923 (65s)
9b8eef6c-3d7b-442a-8eb0-9dc9851f244d done, total 44923 (65s)
9b9731d8-a11f-4565-8b19-1128c124daa8 done, total 44930 (65s)
9b9c9471-39d9-4a87-8029-954b04fc1305 done, total 45017 (65s)
9baef90b-0fe5-4083-9542-05e637207dbd done, total 45017 (65s)
9c057455-4f9f-4123-8004-925542143f88 done, total 45049 (65s)
9c6fdc49-3df0-4f32-91af-0e943fa9fb34 done, total 45049 (65s)
9c77c4af-4c55-4d63-90fd-a96f1fcac46e done, total 45049 (65s)
9c7a10a2-f8e0-417b-8148-10c20a6f47de done, total 45109 (65s)
9ca1e062-6872-4760-9397-de6ec90dead9 done, total 45129 (65s)
9ca8bf23-49f3-4641-a1b4-cc2d3649adae done, total 45129 (65s)
9ca976d7-7019-41f6-ba88-ac1ab70b7166 done, total 45201 (65s)
9cbd312f-d4ac-4100-b698-4daa49558471 done, total 45307 (65s)
9cebeeee-56ff-4f65-9533-a3d2a2656cbd done, total 45307 (65s)
9d07deab-edb9-4441-acf5-c3de83656d59 done, total 45308 (65s)
9d0a41da-1dcc-452e-a588-141a2be0434c done, total 45308 (65s)
9d15f1c3-b243-4988-9fd1-c972d1eeeb37 done, total 45308 (65s)
9d274a31-1987-4c8e-9adc-a6c53fff750e done, total 45398 (65s)
9d2bd0f0-5164-44fd-bb7f-649903aaedd0 done, total 45413 (65s)
9d4910a1-7c3a-45e4-b7df-ab34ada15b43 done, total 45413 (65s)
9d8c1ec9-7d3d-4d31-bf3f-701d48e4a6f4 done, total 45413 (65s)
9dc40b56-6ef6-4e9a-9591-c72406304dc6 done, total 45482 (65s)
9df1ada1-9d3c-4752-a92a-0d682dbaad4e done, total 45488 (65s)
9e18e48f-e74b-45ab-ab2c-75d84c06af54 done, total 45510 (65s)
9e213194-6113-4743-8359-99a6da27c897 done, total 45550 (66s)
9e52b95d-0aa6-4adc-8dc3-a03a2999dc03 done, total 45617 (66s)
9e5fd692-e8d1-4a13-baa3-ddd1e15cc48f done, total 45617 (66s)
9e6026d7-7629-4930-9c47-b12621ea2c4b done, total 46069 (66s)
9e73a19c-bf3a-43c6-ae38-2c8633cf458c done, total 46069 (66s)
9ebbd3f9-a2d4-4bb4-a279-3f0271ad294f done, total 46069 (66s)
9ef2226d-ffe5-4582-9312-86cf1d8825fd done, total 46069 (66s)
9f00cad9-2169-47d5-b68d-f86e9a00030a done, total 46102 (66s)
9f1f2ef4-7aad-43f0-98a2-802aae2d5744 done, total 46131 (66s)
9f44ef47-d123-4b33-8472-93c66354c9ca done, total 46131 (66s)
9f78e43c-f9f0-445b-8ccb-2bb71ab8faea done, total 46151 (66s)
9f8375f6-4561-47d4-a3eb-ecd57e548033 done, total 46176 (66s)
9fb243bf-e4da-4612-a0e6-8053f7c5f6ae done, total 46191 (66s)
9fc2900f-87d1-4df7-9579-316ee18fe440 done, total 46199 (66s)
_canary done, total 46199 (66s)
_no-session done, total 47381 (71s)
a02db0d5-d6b0-4a88-89e3-308d2f9040a8 done, total 47401 (71s)
a07d0b8a-78ea-41b3-b1b8-f736d555a75c done, total 47411 (71s)
a0936f84-25e5-434c-bcf2-9825bd109960 done, total 47411 (71s)
a0a6abcc-5107-4d79-b930-25a84f150017 done, total 47463 (71s)
a0c3aec3-e79a-42b0-a6fa-a7df6b6a3730 done, total 47463 (71s)
a10e5bac-aff5-43ac-b093-6a28d300f90e done, total 47463 (71s)
a125e1bf-3743-46f4-97db-e00e6cfe2038 done, total 47476 (71s)
a1588ecb-bb1a-43c2-bb9a-92cbda1ba7cd done, total 47491 (71s)
a1aa406d-6c3a-440d-bc90-4289b2055f97 done, total 47491 (71s)
a1d72ab7-3fca-43d3-be68-347af0544f96 done, total 47511 (71s)
a1dc6f9f-1498-4c1f-ad6b-4eb5f5e45419 done, total 47512 (71s)
a1f01f6b-9d0e-4d45-8462-bc8b171cfe16 done, total 47512 (71s)
a2028db5-c74a-4ab8-a0dc-dc56d9b1b7ab done, total 47597 (71s)
a2306646-e8e6-4096-adc4-8b6dd0db7868 done, total 47597 (71s)
a25b7a5c-2831-4930-987c-26aaffd388dc done, total 47610 (71s)
a268d138-c7ac-4742-b1fb-42117a3ac529 done, total 47628 (71s)
a27c8e6d-041a-4936-a87a-c1099fc5eb6a done, total 47628 (71s)
a27e244e-821f-4c9d-be9b-ecb140c0b245 done, total 47628 (71s)
a2a2a1bf-3b4b-4469-8859-227ed732da33 done, total 47629 (71s)
a2c38ec0-e555-40ff-a2f0-e72bf54e7756 done, total 47643 (71s)
a2f78cb7-2311-44ea-85bf-93df7e5e3dba done, total 47643 (71s)
a2f8aa5a-e22c-44fe-8aed-f35b98cce0ac done, total 47651 (71s)
a3248d90-5fd7-4b1f-a6ae-dcf924ca0481 done, total 47657 (71s)
a3276570-e98c-4dd2-898c-924343039b11 done, total 47672 (71s)
a35c1b6f-5e61-4a04-a959-bea52f04f58e done, total 47766 (71s)
a35d9b1a-163b-4f6e-b0f6-6b8943dccb98 done, total 47984 (72s)
a36038a3-a3fa-47bb-a423-ed51a6ae008e done, total 47984 (72s)
a3762ec0-68ba-4a2c-8368-e78dc0017bec done, total 47984 (72s)
a37a5998-c780-47fa-a0ca-99b6d4bc8349 done, total 48034 (72s)
a3ab8137-2abb-4ab9-a448-4288a08feed4 done, total 48034 (72s)
a3edde3c-160f-4d11-a0ca-fcfb6424e3da done, total 48042 (72s)
a406f204-6bba-4c32-84ff-563e70e1ec3c done, total 48042 (72s)
a4388e45-bbbc-414e-addd-3cca401c5904 done, total 48066 (72s)
a44a99cc-5366-4ad8-9576-0bdaf45811ec done, total 48094 (72s)
a46462be-c129-418a-a9c5-3991cb5a7f7d done, total 48094 (72s)
a4923ddd-f407-4b28-99b8-d5bf5ade7553 done, total 48121 (72s)
a49b6049-f4a3-4c2e-a553-50ffe3939708 done, total 48128 (72s)
a517afa4-aa91-4795-8180-b3692e166288 done, total 48146 (72s)
a534e9f6-310d-4ab1-80d3-eaa64728b9e6 done, total 48152 (72s)
a53f054a-0846-4d27-b8da-8377318602d9 done, total 48170 (72s)
a576a876-c60e-408a-81d2-f5873e18a4b5 done, total 48170 (72s)
a577d953-ae91-4a78-994b-9135db55aac1 done, total 48183 (72s)
a57e3412-93d4-4b97-86e1-424e5890f307 done, total 48203 (72s)
a5844bfa-2b6b-4618-8285-c8484bfb5eb4 done, total 48220 (72s)
a5aaf36d-b96f-4651-9cae-6b4cf6140eff done, total 48238 (72s)
a5b264d3-dd9d-4ec6-8a3f-c29d077ec8ea done, total 48238 (72s)
a5f1b344-bf6a-4f94-bcd0-0f13b89d3fcf done, total 48238 (72s)
a604ce5e-93b6-4ded-996e-80d194d02f18 done, total 48326 (72s)
a61a3b76-a479-49e0-9536-9bdb4d48109e done, total 48367 (72s)
a61e2519-5402-4bcd-bb67-af82d27d8dbe done, total 48367 (72s)
a633fec4-733e-4f42-88c0-f6ee488ded16 done, total 48367 (72s)
a6362ac0-7be5-4119-b93f-bbbf6c76f6e5 done, total 48367 (72s)
a641d983-6b0a-4691-8bdc-abb995cd7f7a done, total 48430 (72s)
a65a281c-1fd7-4db2-96d1-0d505090e90e done, total 48430 (72s)
a6c44a2e-6704-4471-aa16-377af1493998 done, total 48437 (72s)
a6c6d414-a702-4c53-aa90-cc348b51a721 done, total 48440 (72s)
a6fcdd9c-0361-4554-ada2-714de6eeaf9c done, total 48555 (72s)
a70f419f-48a5-4d55-a2ae-1079852a91bf done, total 48555 (72s)
a725505d-353d-46e9-be2f-155fe4a92893 done, total 48578 (72s)
a744a1c3-be04-48d6-8510-e5f40a0969f2 done, total 48578 (72s)
a7806235-a078-42f9-93ce-0bb8e198d4f0 done, total 48590 (72s)
a785fa4b-dc90-47a6-b8dc-d8be1e6faffb done, total 48590 (72s)
a79c49bc-be9f-44dd-a319-c7fdebe00d41 done, total 48594 (72s)
a7aee258-2e56-4d8c-a92e-8ab14d4aff5f done, total 48594 (72s)
a7c2303e-731f-4c74-9d78-2485bf107312 done, total 48594 (72s)
a8a00a39-9355-4b15-8dfe-7bc531d981d8 done, total 48771 (73s)
a8cab206-a3f6-449e-8ebf-1d51f3e732af done, total 48771 (73s)
a8d58704-4c09-45b4-a2b2-24194b2ad2bf done, total 48906 (73s)
a8dc120a-d359-48c5-974b-64107ef9a5e1 done, total 48906 (73s)
a9853d7a-6c88-4245-83a3-eefad9edc507 done, total 48917 (73s)
a997f06b-ae35-44ed-9246-b8699f9f0553 done, total 48920 (73s)
a99964ea-739d-446c-8d84-a768f8873667 done, total 48952 (73s)
a9ab7b1d-d720-4b3e-99c5-928351d92cc3 done, total 48955 (73s)
a9d5cdf4-d246-46b0-9f1a-694142f897a3 done, total 49044 (73s)
a9f21fcc-a7fb-40be-8344-e1dda612af53 done, total 49045 (73s)
aa2dfe5e-51e1-479e-9ddd-e5d39a6db57a done, total 49061 (73s)
aa8cbf9a-397a-43fe-a9e6-b82f7228595f done, total 49061 (73s)
ab2065e0-0841-4a9a-8645-9f1728b7175d done, total 49103 (73s)
ab324c1a-cd5d-49fd-b9e6-6e3b49cc5918 done, total 49154 (73s)
ab6b3764-c8ac-4991-807a-e5ac74def4d7 done, total 49182 (73s)
ab802e73-8296-4d19-a8ec-d9b5a6e327cc done, total 49200 (73s)
abaf2e52-64e6-476c-8609-0c4bcbf88304 done, total 49200 (73s)
abb55dd0-da19-48f5-ac53-4415a172e4be done, total 49203 (73s)
abc17c19-0692-4cbd-be69-88f64ee872c7 done, total 49203 (73s)
abf43712-1075-4fb5-b807-507224c9570c done, total 49240 (73s)
ac0a698a-0901-4c92-831f-5865badd6c68 done, total 49241 (73s)
ac3954dd-d8d9-46bf-8d48-a5da98fb0e1f done, total 49273 (73s)
ac47bf93-959d-40c6-978a-4d1d770605dd done, total 49284 (73s)
ac740de9-683d-4ebb-86e9-03c3169d9884 done, total 49284 (73s)
ac9f9b69-acbb-4a94-994e-5e0f96cc629f done, total 49284 (73s)
ad1d6cf5-6b1a-49a5-a855-f041ac13cffc done, total 49284 (73s)
ad1e89eb-77cf-4f95-8e03-5725667a0e56 done, total 49284 (73s)
ad2ed05d-fc9c-4a22-b2af-0a0e1fe99b6b done, total 49334 (73s)
ad559782-b440-4982-8899-45c1a19b2c6b done, total 49334 (73s)
ad83a7aa-7fc4-4dbd-96b6-623bc3e8f531 done, total 49354 (73s)
ad937b0f-b326-4a8d-ae42-e9e12a1f3ebf done, total 49354 (73s)
ad9ce8cc-a4d5-4d5d-b0d5-4d5c4e22a849 done, total 49360 (73s)
adb0b1ef-c1fa-4336-8ec5-8f861cf59d78 done, total 49410 (73s)
adbee182-9b48-4019-8264-18747a6d6ede done, total 49420 (73s)
adbfb476-8348-441d-af35-aee96369fb59 done, total 49480 (73s)
ae0226a7-f30b-4c5b-96e8-03009a155d0f done, total 49488 (73s)
ae2310c6-0d78-4bc9-b281-1c211ca35d9b done, total 49514 (74s)
ae70f73a-ed45-4350-b576-001bd8999eb4 done, total 49548 (74s)
ae977d2a-d3df-42e5-aee9-a01125a086f8 done, total 49548 (74s)
aea31d1a-f8c0-4f1e-9f98-fcaaf86db585 done, total 49589 (74s)
aeaa6c7f-3bd3-4d0b-bb86-80306ae80730 done, total 49589 (74s)
aebeea94-6da9-4915-8118-74fbff8b9fdc done, total 49589 (74s)
aecb78bc-df85-41ca-863a-6934f1c89580 done, total 49589 (74s)
aee8d4e8-5421-484e-85f2-a450f9f2ed20 done, total 49681 (74s)
aef11cab-8224-4b89-b11a-0060b024ba09 done, total 49681 (74s)
aef6b4f6-04e2-4657-aab5-d19e5680d68e done, total 49702 (74s)
aefb6c13-423a-4e3a-b8d9-c9d79ce7c3d6 done, total 49726 (74s)
af22f8df-9870-4ebc-8105-92170dc85c87 done, total 49726 (74s)
afd509ba-223b-4ac7-ae41-b9b43fd2c30d done, total 49726 (74s)
b02b4aa2-be9e-4af0-bad5-e7d008a6c691 done, total 49739 (74s)
b047e83e-1874-4544-aa7b-1a30e5518910 done, total 49745 (74s)
b04dedf8-7a5f-45c2-92d8-37ae9e67ba5f done, total 49745 (74s)
b05a336e-c111-4d39-a2e0-18033de0f0a4 done, total 49745 (74s)
b07918b9-4cc4-4d23-9cba-444ebbc9f979 done, total 49745 (74s)
b0fee1b2-e597-4df5-8ffa-d7a67569f311 done, total 49766 (74s)
b118794e-2bd8-4591-a230-765afbfb8e93 done, total 49780 (74s)
b1497645-1d01-4a18-a1b7-c551d77b4b4c done, total 49785 (74s)
b14a253e-b1b4-4b76-8aa4-8db03d7f1922 done, total 49794 (74s)
b1629cd8-e5c2-4646-8292-01c9b708af85 done, total 49802 (74s)
b1784d59-45a9-4e1b-ae74-0a302c67f1c5 done, total 49802 (74s)
b185111d-fd9c-4a0d-9134-ad6b2bc0b34b done, total 49802 (74s)
b1861636-5112-4133-9435-8ef6b86fd735 done, total 49802 (74s)
b1e49ea8-d4b8-4e0b-9688-e64e4eacdde6 done, total 49854 (74s)
b20376c9-bda9-4c8f-a8f9-4f2629b5aa01 done, total 49854 (74s)
b2306965-c4dc-4731-b159-b882bea9785d done, total 49868 (74s)
b23aac83-c4ec-437c-867f-2759412f6a11 done, total 49887 (74s)
b2a2606a-702c-48de-a7df-a4ad77ac379a done, total 49904 (74s)
b2d80813-cc14-471b-87c8-fb1092d9944d done, total 49904 (74s)
b339837a-2a8e-4d7a-aa36-b7bda00df709 done, total 49904 (74s)
b3663688-964b-4fa7-a0ce-30cef649f6f7 done, total 49918 (74s)
b38a4a9a-046a-4f34-8536-901524288b69 done, total 49918 (74s)
b42aece7-2851-4d88-9a01-785d2fedafee done, total 49918 (74s)
b42fd7a9-c6e4-4d53-85ef-bf3ba316b5e7 done, total 49918 (74s)
b42feb73-050b-4ce8-b828-c12972463999 done, total 49956 (74s)
b45d446b-335f-4b5c-b0c2-04ffd7060958 done, total 49974 (74s)
b478037d-eea9-4da4-a17b-a7b5f59c353f done, total 49990 (74s)
b48b5356-1288-474d-a1dd-2af85b4173df done, total 50021 (74s)
b49cfbfa-5434-4f29-a164-35c7ba2e5654 done, total 50021 (74s)
b4abec1d-f230-46d2-a5bc-fd5005702e3b done, total 50021 (74s)
b4de6a24-d581-4889-812b-43ffc408dfde done, total 50062 (74s)
b4e8d1ff-70c7-4799-8421-dce68232a460 done, total 50074 (74s)
b4eca2f0-95c7-4394-a5ea-6e4aa8474702 done, total 50084 (74s)
b510c85d-6b80-437a-a37a-2e91c2c39aac done, total 50132 (74s)
b527afd6-36db-4710-9580-d2dcf01f6c32 done, total 50136 (74s)
b52b2f24-a599-4246-bf71-8b7dd64f975e done, total 50164 (74s)
b5487561-0974-483a-90ce-5438fd6e762f done, total 50210 (74s)
b55592f1-e910-4319-986d-6aaef1be09ac done, total 50296 (74s)
b59312fa-6edf-4bf6-86f0-adcf124ae6e8 done, total 50296 (74s)
b60b2974-fac0-43b7-813c-13b5e55d75e4 done, total 50313 (74s)
b620abfc-2394-4bd3-b35b-9e132ec6367b done, total 50336 (75s)
b634a34d-2275-4e1f-9863-8cf14e116abc done, total 50367 (75s)
b651ac3c-b821-4767-a9e7-7ebb6679f967 done, total 50387 (75s)
b65faf19-791a-4791-81a5-229729f30f12 done, total 50397 (75s)
b6b1e24f-d2c3-4259-87bf-04c7b5fcab64 done, total 50397 (75s)
b6b8e8e4-3b7d-4563-a6a6-ed060ce8e3b4 done, total 50434 (75s)
b6e68bff-f1c9-484f-86f8-b096b1fe5b9a done, total 50434 (75s)
b73a2966-3c46-42c5-80fc-b0a85077b71e done, total 50564 (75s)
b742997c-b0ef-4daa-88a0-660c18fb8a09 done, total 50630 (75s)
b757b5a8-a438-4ea7-bb68-028f28322c50 done, total 50664 (75s)
b757d8db-2fc6-46f2-ac21-a1b54de8515c done, total 50678 (75s)
b782e7df-96a7-4479-a8ac-17fdf74aa78c done, total 50678 (75s)
b7cbc3f2-d2e5-4c22-a21c-8506e3fa3586 done, total 50681 (75s)
b7d95064-185c-41cc-beef-6d7bd03bba35 done, total 50718 (75s)
b7e6e754-8013-4f81-8c2c-5b0ccbf52981 done, total 50718 (75s)
b7fcf2f1-939f-4601-9b50-413e865bdb38 done, total 50739 (75s)
b819c473-e9f3-4d00-8162-b23656a7336f done, total 50739 (75s)
b84193e1-d1a2-4caa-9149-ada2c867bbb6 done, total 50746 (75s)
b8576ac5-df4f-40d0-bd00-b54866baf8f2 done, total 50751 (75s)
b8aa8589-106b-4260-927f-b85c9b4e3d16 done, total 50752 (75s)
b8c74425-e72a-463b-a457-8935554905cd done, total 50776 (75s)
b92c0d9e-a356-407b-ad62-e2962aa5c3ad done, total 50801 (75s)
b97bdedb-de95-4c91-a6ca-f6d6d530e9a7 done, total 50812 (75s)
b9af6bb7-f1e3-4e2d-864a-87f6cb29fd07 done, total 50812 (75s)
b9b728fc-fd7c-48fe-a200-dba521a8a347 done, total 50829 (75s)
b9ec161b-bfde-4c93-83f2-08e8ae82e95f done, total 50829 (75s)
b9ff4f34-78ce-4404-a733-1021f4c37f34 done, total 50829 (75s)
ba0829e5-916c-4897-8f91-8b38cd94a8ba done, total 50829 (75s)
ba0c9c21-5322-4c27-9c3e-09064df596ed done, total 50829 (75s)
ba12091d-25dc-4ee3-adef-0bb7788d8f4d done, total 50851 (75s)
ba257934-892b-4f00-8285-a743861fa277 done, total 50909 (75s)
bab052a3-73a8-4ae5-8040-cd6c00fd7b87 done, total 50909 (75s)
bae01d26-050e-4568-825d-1c6d62d50ea7 done, total 51059 (75s)
bb24f834-247f-40c1-9abb-6b9998d554f3 done, total 51059 (75s)
bb535eda-3280-43eb-9c0d-7bbe8de32065 done, total 51092 (75s)
bb5cff76-33cd-46ab-abe0-fec68cd85439 done, total 51109 (75s)
bb97d46e-859c-4cbb-9def-888aa85df9f1 done, total 51110 (75s)
bba07a4a-9d2b-4680-9150-8a38c85dbcc9 done, total 51134 (75s)
bbbb6e6d-f2ec-42bb-9f52-388f91add6dc done, total 51156 (76s)
bbcbc692-ecd5-4064-9d5c-e37516e97dff done, total 51178 (76s)
bbd839c8-acb0-49c0-911c-cd55449e7a15 done, total 51267 (76s)
bbf20a8a-34ec-4e99-bae7-cda176f43d17 done, total 51267 (76s)
bc26ccd9-fbcf-4506-823d-536cac0ba22b done, total 51282 (76s)
bc4be995-7370-4e97-bd2c-14b90b51ce5f done, total 51282 (76s)
bcc376a3-c0ee-420d-b69c-5de089a12da0 done, total 51307 (76s)
bcdc754b-b814-498b-b5ad-18e099bf232c done, total 51465 (76s)
bd0c584a-d102-48cf-870b-670f24bebe38 done, total 51479 (76s)
bd50660b-381e-46a2-b28a-70493b69aaef done, total 51606 (76s)
bd5aede4-8d81-4c41-8aa2-177daa4bde7d done, total 51606 (76s)
bd8defe9-f49b-47c2-b204-dbf241e12288 done, total 51619 (76s)
bda73386-da0e-4406-86e4-5643e5874843 done, total 51639 (76s)
bdb2929e-8a0c-40b2-a843-1b41bb6fd0da done, total 51655 (76s)
bdcd6324-3394-4a84-a410-b5c197071a8d done, total 51843 (76s)
bdd2938b-6147-47de-aa84-b81bce6b942d done, total 51843 (76s)
bdd64cf7-05e1-474e-881d-cf03d21a2628 done, total 51843 (76s)
bdfd5b6a-2ecb-4c57-a039-caafb993c136 done, total 51845 (76s)
be0278b3-fd6f-4031-a9f0-9f77972e4170 done, total 51946 (76s)
be142d86-7301-41f7-b610-1c045ad530ff done, total 52021 (76s)
be28998b-aa10-4c3e-b812-12118b6c537c done, total 52044 (76s)
be2d1570-10c0-4fd9-b0b6-1e00e7795464 done, total 52044 (76s)
be36067c-52b9-4e1d-b95b-2ecac8efd1f9 done, total 52066 (76s)
be4aee1f-230d-41b0-a1c0-051cfa45b6fd done, total 52066 (76s)
be4dd3f7-d9dd-4286-bbd0-c460514ca635 done, total 52066 (77s)
be7df58b-964c-4cf1-b2a7-a35cb8dc4b11 done, total 52066 (77s)
be911b2e-e53a-47eb-949f-6d5377c8a071 done, total 52066 (77s)
be98fe6e-207e-4894-9978-6cedd5090180 done, total 52066 (77s)
bea354de-ace5-45d8-9ba3-bde12c4aac0e done, total 52066 (77s)
bebdb289-3f36-4a70-a3f9-481019cc43c1 done, total 52072 (77s)
bec91c35-add6-4aa4-9561-6902460c2bfe done, total 52080 (77s)
bed00d39-3dbf-4bb1-b962-1743bf285e4d done, total 52105 (77s)
bedfcd93-a3f2-436c-9108-4f286e153e4b done, total 52297 (77s)
bef994c2-d567-4aab-a4fa-a082cd80168c done, total 52297 (77s)
bf0a18bf-ae86-42ac-8b5c-0e14c5d7264f done, total 52387 (77s)
bf4ef23d-9845-437f-b851-8842142e93fc done, total 52387 (77s)
bf5b4198-7715-42b7-9d01-3041496d8008 done, total 52387 (77s)
bf688b3c-961b-4ed6-b40e-3361a3b421f5 done, total 52387 (77s)
bfb11b72-a0c2-44c3-bfdf-296535a0dfa2 done, total 52387 (77s)
bfcd8ddd-0ae2-4756-9423-15a20897f6aa done, total 52419 (77s)
bfd61140-8911-451d-b593-b16b7ed2ec5a done, total 52597 (77s)
bfdd346d-c703-44ab-86b1-bbb4cf21103f done, total 52608 (77s)
bfddced5-b376-4961-a9fc-0cea22df8fda done, total 52608 (77s)
bff47a33-759e-4bd7-8fd6-bafbdd256588 done, total 52671 (77s)
c02f9a1a-97d5-4def-b34e-33939babfaa2 done, total 52671 (77s)
c03897c1-b842-4daf-9160-29a53f5fef24 done, total 52671 (77s)
c03c5c05-5f95-4b36-9ca0-a661338fe1c3 done, total 52719 (77s)
c0547449-b981-4397-99b8-6e6be831227c done, total 52824 (77s)
c05fb296-1ee8-41c6-859a-3672ec1c7c25 done, total 52840 (77s)
c07076f2-3e45-401b-b973-8acd1a11c7fc done, total 52863 (77s)
c0708dee-9d73-4847-bb32-1a4e7dadbdb1 done, total 52863 (77s)
c0931fe7-a57d-476c-a589-c292bd0b6e54 done, total 52869 (77s)
c0a0baed-9706-4658-90d4-e98ea952e17f done, total 52900 (77s)
c0a7b1a0-15b2-4203-9927-11dc7d6ba36c done, total 52920 (77s)
c0ac4284-d164-4396-b106-c9fa8297326c done, total 52920 (77s)
c10cc320-122b-4b7a-93fb-9fcb7c6161ee done, total 52946 (77s)
c115b432-34fa-40f4-90ca-44d19cf09a6e done, total 53000 (78s)
c13a86b7-3860-44b3-bc00-233f6bf1ccb6 done, total 53018 (78s)
c13d69a4-399d-4c0b-9bae-b83734f8fcdc done, total 53018 (78s)
c14be603-357a-4505-90a5-6e748afafaf1 done, total 53018 (78s)
c14e88cb-e0ba-45cd-9a01-7bf82ee909c1 done, total 53036 (78s)
c173c27d-73ac-46ad-9639-172a0515559f done, total 53036 (78s)
c190a18b-1195-4877-a555-c75ceee894a1 done, total 53088 (78s)
c1ab0669-777d-4081-bb49-844a78b4fe8c done, total 53136 (78s)
c1d3f068-1f27-421b-95f2-c67e0aba4099 done, total 53136 (78s)
c1f3b9e2-aa9c-45e3-a338-fef8811ed3d6 done, total 53136 (78s)
c201e02a-9255-47da-9a7e-02df27f09c75 done, total 53136 (78s)
c20f806b-2d7d-4ed3-9cf3-4d5dd8eeae25 done, total 53136 (78s)
c2177b54-a4e6-4c28-9a5e-2336099beeb8 done, total 53136 (78s)
c230eefb-631b-40b8-8bef-3077e2e417d3 done, total 53136 (78s)
c23fd0d4-a036-4803-831a-0356a688c8d6 done, total 53151 (78s)
c27a03bb-2e0e-4d7c-a1c8-7697b589422d done, total 53180 (78s)
c2bdb7b6-ec46-4afd-85c3-c9f74c483926 done, total 53180 (78s)
c2ddae09-7d9d-4405-9280-e70e2217d519 done, total 53252 (78s)
c310cdaa-5a35-4410-a563-8ed491f8b317 done, total 53252 (78s)
c31d9cc1-e204-4685-a749-c11f2481d943 done, total 53254 (78s)
c3384609-905a-46d5-b7be-48d9214ff44a done, total 53254 (78s)
c341c2cc-b28c-4e2f-8e00-afa9a3da158a done, total 53293 (78s)
c35a05c3-8876-489d-bfe3-656638bb5dd4 done, total 53293 (78s)
c3aa2777-facc-4dac-bd69-47140cd6d05a done, total 53293 (78s)
c3afb877-09a2-43b2-a15f-6fe9ca20ac90 done, total 53306 (78s)
c3c0f2fa-dd3a-4866-8a50-dfc9543858d7 done, total 53306 (78s)
c3cdc726-c322-408a-bb23-feda24ddd261 done, total 53322 (78s)
c3d3f133-ff3d-4178-8b3c-3fc9798a2e69 done, total 53325 (78s)
c420a059-c098-4c99-bdbb-c02257f28068 done, total 53325 (78s)
c426d749-e9f3-422a-bd14-da6921b3445e done, total 53337 (78s)
c42d3d97-200f-44a1-8c1c-99f3ff508c70 done, total 53344 (78s)
c431929a-359b-4422-a321-b1bb082df855 done, total 53496 (78s)
c4333ca2-bbda-4512-b60f-e3fb5def2dad done, total 53496 (78s)
c46c9212-5f97-41c8-be50-bc49e567ce60 done, total 53513 (78s)
c4c5c57f-bdb7-415e-bf27-38bd85993007 done, total 53513 (78s)
c4e06b20-88d2-4e8a-b2d3-c30a2e875f2e done, total 53513 (78s)
c500fb4f-e07a-4cb4-bb5c-d2cae0c552a1 done, total 53530 (78s)
c507b4b5-aae7-479c-bb5f-c8ccb12e334c done, total 53613 (78s)
c52e326c-9761-4cf2-bbb1-38a5dc4e5b26 done, total 53613 (78s)
c55052a8-7d9d-43a5-9314-d64a78599cc7 done, total 53616 (78s)
c56527a5-3703-4c07-984c-29dba6462165 done, total 53616 (78s)
c56874b8-2227-4071-a095-3cf453fe38c9 done, total 53686 (78s)
c598b935-fb68-48e7-806f-84646d2c35ea done, total 53686 (78s)
c5c79cd2-5417-4af8-ba42-196aeb58865b done, total 53686 (78s)
c5d3d995-a38d-416a-af5e-464a0a69dec1 done, total 53999 (79s)
c60bb786-aa8b-4622-bed8-f69449619af9 done, total 53999 (79s)
c66a3381-4b19-46d6-b1e6-bb8d0ba4e96e done, total 54118 (79s)
c67cb98f-16ad-4d23-a1ec-46b69abada06 done, total 54118 (79s)
c69f29ac-811a-4129-a802-917fb479d6d1 done, total 54168 (79s)
c6b52a06-1594-44fa-8fda-d47c0a379e3d done, total 54196 (79s)
c6ccf03f-ae11-4f04-8fa4-dc3ef70e0c8b done, total 54203 (79s)
c6dfe2e6-1694-490d-8f96-a90fe3e3c311 done, total 54203 (79s)
c6fc762a-060b-4283-b3ea-f38dc7f6dc31 done, total 54203 (79s)
c720cc9d-7316-46e0-8f0e-f635b957a611 done, total 54203 (79s)
c770b961-a626-4136-9703-144a06414557 done, total 54203 (79s)
c770c661-719d-404d-85d5-2aec2b57de71 done, total 54203 (79s)
c77cc0e6-af53-4f17-879a-b2f6481024f3 done, total 54219 (79s)
c78e6019-dab3-4526-b47f-3adef180a8a5 done, total 54222 (79s)
c7b6d8af-e75e-4fe4-92df-2b163ffb4c80 done, total 54252 (79s)
c8096f0b-9fad-4b02-b019-526907ba61c0 done, total 54252 (79s)
c814abd8-af4d-4a3d-87eb-041ac80bac10 done, total 54252 (79s)
c8741e7a-6d1b-4187-9476-97af601c8b94 done, total 54253 (79s)
c8ab7c2f-bdfe-4050-be71-089b7156e538 done, total 54253 (79s)
c8e43d25-8f83-4eec-ad6a-94c9dc00c954 done, total 54288 (79s)
c908a7a5-7aad-4846-8f36-fa16121a6d42 done, total 54288 (79s)
c91046ba-7f18-47cf-8b2e-1838ca6bb20b done, total 54288 (79s)
c9484c17-3f3c-4143-9ed5-3ef78b5ae36b done, total 54307 (79s)
c9652bea-0caa-4428-bb89-5db648d53916 done, total 54471 (79s)
c9be8b5a-c56f-4486-9c1c-a4c379c6df05 done, total 54480 (79s)
c9c9d808-effc-4bba-adea-246775c2aab3 done, total 54480 (79s)
ca363f4e-4df8-494e-bc62-f8f5431c90c8 done, total 54502 (79s)
ca603ba7-9e1e-4132-8683-a317ffccbe18 done, total 54502 (79s)
ca68fd21-0901-4d11-ad93-88aec15b28a3 done, total 54502 (79s)
cab56993-f130-4c99-8587-e5d8940abd5a done, total 54554 (79s)
cacae161-0abe-464d-896e-5db3114f7fb1 done, total 54555 (79s)
cacbca5d-6e9b-4016-85fc-228a960f4448 done, total 54555 (79s)
caddf445-ff9a-41c1-bc81-1a9bfc37a350 done, total 54555 (79s)
cae47417-3177-44c4-8a5e-6398fa4ba0b0 done, total 54555 (79s)
cae47870-ff2f-4e71-a9db-2cd5c8e7888b done, total 54555 (79s)
cb1d5271-c297-4034-a6ed-9a25261a0816 done, total 54555 (79s)
cb55926e-6d89-404c-8e86-cb04609458ea done, total 54591 (79s)
cba7820f-02a2-479c-b29b-b3eea16bef1f done, total 54591 (79s)
cba8c911-d37e-4d1c-abeb-c2eaef8fdab0 done, total 54591 (79s)
cbdf870d-66fe-40b3-aab1-169561e6cab8 done, total 54650 (79s)
cc59e3c3-2c29-4af8-9570-9bc45558532b done, total 54661 (79s)
cc5cfd81-be5e-499a-bd03-b2a5ad39b508 done, total 54787 (79s)
cc630376-f4b9-4f00-9285-b94ea34d5ac7 done, total 54787 (80s)
cc723f6f-b2c8-45ac-965d-a110f19c06c6 done, total 54798 (80s)
cc74d28d-c356-4e21-b872-116259579472 done, total 54798 (80s)
cc9c8017-a7ee-4ba7-b062-1e6de0f1bf34 done, total 54798 (80s)
ccc4149c-90df-4c16-9ee9-784dcf04216c done, total 54818 (80s)
cce4c425-2459-4452-8074-b5978dcc5bc4 done, total 54920 (80s)
cd0a28de-3c49-4a4e-b7b7-7dc1b4ba345a done, total 54920 (80s)
cd334514-e0b5-4e1c-a896-51e7aaeb84bd done, total 54994 (80s)
cd63789a-4a55-4d74-bb48-76a11e46d48a done, total 55003 (80s)
cd7eeb58-b2d3-4213-9aeb-a78911c38d82 done, total 55019 (80s)
cdce3b4d-b7e5-472d-a976-0dbae86e3f52 done, total 55062 (80s)
cdd5710c-2b39-4371-a832-d4ad1b531f64 done, total 55074 (80s)
ce06e5a2-d2f2-4fe7-9e50-736778353b10 done, total 55080 (80s)
ce083a5f-1974-450a-b11a-e55bafedf58a done, total 55080 (80s)
ce16915f-df12-4078-b6af-10eeb7bce0b7 done, total 55089 (80s)
ce32dc67-1922-4a14-875c-674db04d3652 done, total 55089 (80s)
ce375522-4c47-4d7e-b85e-3f5d91a1d174 done, total 55089 (80s)
ce77db6a-ed23-4643-896a-e25d58d27113 done, total 55097 (80s)
cea6bb8a-00b1-4992-8de5-d839bda77b60 done, total 55097 (80s)
cedbe0fe-2201-4411-a03b-10bd379380c4 done, total 55097 (80s)
ceefe696-ef17-452a-81b7-7e7bc4a4d3a2 done, total 55127 (80s)
cf010c71-3557-49bc-9297-77a8ec4954c3 done, total 55127 (80s)
cf0d5952-0d31-47ee-8854-987d8596c1ab done, total 55138 (80s)
cf11b3dc-1e11-4d1d-937e-06ee45724475 done, total 55138 (80s)
cf2b4fcd-604e-4dea-b006-73a827eddae2 done, total 55270 (80s)
cf5ab676-44c5-45bf-9d1c-a816c7403015 done, total 55399 (80s)
cf664ca3-32f4-4d3a-b006-ee1da0001b0d done, total 55399 (80s)
cf69073c-1460-47ef-b14a-c702619ab0cb done, total 55412 (80s)
cf81149f-ad15-4196-b959-cef5f4835732 done, total 55412 (80s)
cfd0364f-6846-4028-b87c-955ce3485073 done, total 55456 (80s)
d082a558-1ecd-442a-91e5-a59e69d14e31 done, total 55475 (80s)
d082df89-7c22-4525-a05c-3fe80417aabe done, total 55531 (80s)
d083d48b-a0d2-4291-8c3f-e48d2f1c2b65 done, total 55551 (80s)
d0b51171-3909-473f-87b3-1c844f5dd9f9 done, total 55575 (81s)
d0b53730-526b-4680-8b19-539e0e271f1d done, total 55576 (81s)
d0dadb8d-6afe-4832-ab2d-a5c10b97508c done, total 55576 (81s)
d0e64b5e-d689-47af-95a5-17315344d09f done, total 55656 (81s)
d0f47c38-d7bb-4a03-87cf-81816a4f6e27 done, total 55724 (81s)
d0f7847e-3795-4da8-88cc-b741774d8af0 done, total 55733 (81s)
d0f8783e-fcfa-4a0a-8017-3f2590c5fa71 done, total 55783 (81s)
d0fb0080-0925-48e4-8d44-f43324a0de5e done, total 55905 (81s)
d11e1483-8bf9-4ceb-b6cc-c6bb8e56edad done, total 55979 (81s)
d13b8f1f-94b1-4eb3-a899-d24a71c13c63 done, total 56004 (81s)
d1413a47-d499-4dd1-9847-3b957a993101 done, total 56004 (81s)
d15b638e-fbbd-4088-af7a-22ffc27ecd35 done, total 56008 (81s)
d18826c7-f5e1-4e8c-886f-9556c0638cb4 done, total 56008 (81s)
d1c73b21-4c9b-4bcf-bf09-1bce98511228 done, total 56241 (81s)
d1cf8731-d550-4d41-9678-7d62e148e74e done, total 56318 (81s)
d20a794a-1570-4a07-81e8-e35106eca013 done, total 56319 (81s)
d20bc720-602f-4d4b-9510-df9f3c6e4f30 done, total 56319 (81s)
d26a8dfe-01f6-4334-8cd5-00ae49d7ef4c done, total 56350 (81s)
d2b70369-9746-4887-9ace-c551184ae920 done, total 56350 (81s)
d2c83dd5-adeb-4a3a-a899-35c371be77fa done, total 56357 (81s)
d2f8491a-46c5-4d73-aa45-86b2e194c6ff done, total 56357 (81s)
d332d965-c9b8-4721-833e-18900c3e32e8 done, total 56574 (82s)
d3724492-c7d1-43ee-a545-9dd29e51d6f2 done, total 56599 (82s)
d375998d-bb53-4a5d-82f6-ed3b01be4b43 done, total 56657 (82s)
d3a043a5-721d-4579-9435-ca7cb166bf45 done, total 56837 (82s)
d3ada445-aa62-4487-89a7-9cb6f133b301 done, total 56854 (82s)
d3c58cb5-bed5-4fed-bf90-f5000719d31a done, total 56854 (82s)
d3ca55b6-418e-4626-ae1a-55b656ee3daf done, total 56854 (82s)
d3d690aa-8ea3-4a04-8238-7c4c38f3bc9d done, total 56920 (82s)
d4173e44-5ebb-4c0a-a9ca-70ac2202ba6b done, total 56960 (82s)
d43e745c-ff8f-487d-9dfc-8531836af591 done, total 57003 (82s)
d47738f3-a213-41e0-96d7-90c464381023 done, total 57026 (82s)
d4831a4a-6e8d-4c65-8dd1-995b9140121b done, total 57029 (82s)
d48e988f-1527-4e62-bd22-39a250538c43 done, total 71320 (113s)
d4a607b3-ea25-439a-9cda-a2adf14593f0 done, total 71320 (113s)
d4c9702e-429e-4e71-a29a-6a30447f3643 done, total 71331 (113s)
d50cc2a1-451c-45a1-9308-751f227770b0 done, total 71331 (113s)
d5315209-f574-49e7-b0e8-754cad260347 done, total 71370 (113s)
d5611e9a-9d79-4d8f-a468-741c33320f78 done, total 71404 (113s)
d593bfaf-92ff-41e9-822b-0f5321471b92 done, total 71430 (113s)
d5b524c3-7dd5-440b-a227-f90db3a6f9b1 done, total 71437 (113s)
d5e073a6-f2f5-4368-85a0-df22b92af3c6 done, total 71558 (113s)
d5f2419a-ead2-48a5-9fa5-a11b5fe2ec79 done, total 71559 (113s)
d64ef443-0aa2-40dc-addc-d0d385f2d8fc done, total 71580 (113s)
d657c2dd-d2ad-4af3-928c-31430330796f done, total 71580 (113s)
d65f64f8-1200-4d11-b46b-3e5fda3643c7 done, total 71580 (113s)
d66cd0f9-0a19-473d-baca-910a331d30ef done, total 71613 (114s)
d6c5c07b-da75-41c3-a548-e087d4d9a862 done, total 71613 (114s)
d6d904f9-83d6-42b8-933a-1a2aefaad8d8 done, total 71651 (114s)
d6fb3e14-3551-4e74-a9f3-1714f5d948df done, total 71651 (114s)
d73633b5-3113-40d6-8033-08decb3f54be done, total 71679 (114s)
d78a6839-7709-41be-bf6c-0919ac1dc33e done, total 71679 (114s)
d79e61e4-afbd-4764-86c3-64325e3decd0 done, total 71700 (114s)
d7a8c72f-4ac5-4866-83b8-ba15d731323e done, total 71700 (114s)
d7b99b62-7470-468c-9f22-e7eca89167b5 done, total 71700 (114s)
d7d9338a-bd35-43a6-819d-cec7078e4630 done, total 71700 (114s)
d7db9f69-2060-47d7-af11-26f7cfa049b3 done, total 71709 (114s)
d81ab59a-10a1-4fc4-8cfe-f46ac0c8ae7b done, total 71736 (114s)
d8663a4f-7d1d-43e2-bb72-c4139e324089 done, total 71736 (114s)
d86d776a-77aa-450c-a2e8-04bdd57e3898 done, total 71745 (114s)
d8b3ff65-9f8d-49d6-81fd-d08d62118168 done, total 71745 (114s)
d8c83aa0-e6ab-4a1b-a467-0ff1f97f844f done, total 71774 (114s)
d91cbf98-1563-485a-a91e-8aeb5c4d1033 done, total 71799 (114s)
d922d2aa-bc9e-4e43-b5ac-a67f5cbb7207 done, total 71811 (114s)
d93042e4-a099-4fac-9f78-6278d19b6908 done, total 71831 (114s)
d97ceed8-8ba7-46f8-aeeb-d087fb623419 done, total 71832 (114s)
d9892f5b-54b6-4ce1-8207-1b2d6ca08dec done, total 71846 (114s)
d99c346e-fec2-40fd-8ad7-bdea13110781 done, total 71846 (114s)
d99c73a1-723f-4ede-9396-620e110e5d43 done, total 71989 (114s)
d9d56d37-5615-43a7-b457-a2feee83036f done, total 71990 (114s)
d9e1f059-4ab3-4bed-b894-e5f8e8eba3a3 done, total 72073 (115s)
da03e8ea-812d-4ba3-9232-842eae80c5ca done, total 72073 (115s)
da492741-52e6-4445-8696-51bd0cd69cf4 done, total 72202 (115s)
da7cb836-6b37-4818-9390-6af8abe9e10d done, total 72215 (115s)
da873681-9d67-48f1-8c14-7ad0e9d995a1 done, total 72215 (115s)
daaa1098-436c-4619-956c-77aaa82e14b1 done, total 72215 (115s)
dab37d0d-8b94-422b-a977-9266676f49fe done, total 72330 (115s)
dae143e7-98c9-4a02-804c-ab8dd3e737eb done, total 72342 (115s)
dafba177-4b2a-4f6f-a2f7-7ecd8471ac65 done, total 72384 (115s)
db41444a-73ec-4996-9604-e5cbae253524 done, total 72402 (115s)
db619b4f-fe66-49ec-bfe0-3d177bfd8d92 done, total 72402 (115s)
dbab38b3-997e-4729-bd7a-36e2074a51e1 done, total 72402 (115s)
dbb3b970-c8c2-4293-83f5-a6a49cffa485 done, total 72408 (115s)
dbbca651-7c34-470d-afa1-ed79d97474e8 done, total 72408 (115s)
dbca3f17-f045-4dad-96d0-a8c436fad3c9 done, total 72430 (115s)
dbdff6d9-ccdc-4d69-94a0-9327ba5472ed done, total 72449 (115s)
dbfae0da-a0f9-4b13-847c-7eae48b604d0 done, total 72449 (115s)
dbfe00ea-11b0-4a29-a7b8-9dd1ff9aaf82 done, total 72449 (115s)
dc11cdb0-450b-424e-bdb0-478279d30832 done, total 72449 (115s)
dc1e331e-475c-43be-b7cc-7ac6be0e5468 done, total 72463 (115s)
dc69397e-37dd-40a2-b71a-da202ddd9cb5 done, total 72463 (116s)
dcc267d3-7d11-47be-b078-2d0fbb399e08 done, total 72521 (116s)
dcd4f2c9-c173-46c0-b5d5-f9fa0f70fec4 done, total 72521 (116s)
dce8b59c-4deb-4361-8111-87f5a85bf10e done, total 72600 (116s)
dcf35887-2d83-4515-bddf-ee14a32d7ab8 done, total 72608 (116s)
dd0413e9-7364-4b5b-a1fe-b053da2a706f done, total 72614 (116s)
dd08c255-55b3-4301-97fc-529048ec390a done, total 72643 (116s)
dd22f9e7-ba4d-41a0-8132-2f384575b630 done, total 72726 (116s)
dd2895cb-c7e6-4635-b8bb-0158b59f82bc done, total 72739 (116s)
dd597f37-ecac-4f9a-8aae-da1322b185f5 done, total 72795 (116s)
dd60cf9c-f6f1-4672-b842-bbab98f368e2 done, total 72897 (116s)
dd7f0340-aaf0-4c71-9a36-62fb4dd0d10b done, total 72905 (116s)
dd8215ca-957c-4313-af93-61276b8ce027 done, total 72930 (116s)
dda25448-9139-4037-85fc-2412bce4c19c done, total 72949 (116s)
ddac30ec-aa9c-45dc-89e8-945ae0cde06c done, total 72972 (117s)
de25850e-a02c-4c4f-876e-a0c13b1e9a0d done, total 72972 (117s)
de3aba4a-7b99-4bde-ad3b-5b2e3553a688 done, total 73049 (117s)
de42f887-fd92-41a5-bd25-ac82291f1867 done, total 73241 (117s)
de6892b3-9c9a-4c14-ab9a-75e9af07bfd9 done, total 73241 (117s)
de7c4b03-a2bc-4a39-be00-5234d00fb8c9 done, total 73373 (117s)
de87ebb0-3c23-4b20-8087-acc74f282e56 done, total 73373 (117s)
de901a8a-c9b4-43a2-a93f-f89208c4ce45 done, total 73381 (117s)
de91e203-6ad9-4b39-b3e8-274cfc66cb2c done, total 73381 (117s)
deb48950-70a0-4d14-b20f-08a28b10bcd2 done, total 73381 (117s)
dec7f0b4-7fc9-4b2f-948c-b4923b8e0c0c done, total 73381 (117s)
df35306d-13c4-47db-8977-223f7442f68e done, total 73381 (117s)
df478a25-ca49-4dfa-950f-008a728457ee done, total 73381 (117s)
df951a54-d847-4863-9b15-b9a10d2bd9b4 done, total 73381 (117s)
df98e614-fa27-4944-b76c-d33cfc93a820 done, total 73381 (117s)
df998cd1-5e67-40f3-93b6-8169c7763457 done, total 73381 (117s)
e0319037-8446-464d-9ffc-271ad281ddab done, total 73481 (117s)
e049eae1-4d1c-4f04-b1da-5e81bd333006 done, total 73494 (117s)
e0556f3a-64c5-4b84-a3fa-793ec12ca435 done, total 73520 (118s)
e0f35f7b-a36e-45ae-9904-607331ca0f81 done, total 73520 (118s)
e10e9716-1f9a-480e-81ca-dae9dc0cb352 done, total 73533 (118s)
e12796ea-59cf-475b-a606-f7165cc51c82 done, total 73533 (118s)
e13a09a9-5b89-4c7b-9e38-2683aaad2218 done, total 73533 (118s)
e154cde8-05ae-42fb-9974-4fa56f7bd92d done, total 73533 (118s)
e15e8d84-5ba5-48a9-90e7-82bb8287d216 done, total 73561 (118s)
e1774048-3a3a-4e94-bb35-4b83679c88ca done, total 73561 (118s)
e1a088fb-c93c-4226-87c7-e922742d099a done, total 73595 (118s)
e2090cbf-4b94-4879-8eae-247118186596 done, total 73595 (118s)
e20b093e-8e67-459f-b385-c6daf4929f60 done, total 73595 (118s)
e234aa80-e560-4bbf-9e8f-704b17a7b895 done, total 73647 (118s)
e272085e-e202-49ee-993f-a499a4328925 done, total 73679 (118s)
e29c543a-5c91-436e-adcd-b20db4b65004 done, total 73679 (118s)
e2fd80d3-8036-42ca-9845-9c1d13f5626b done, total 73711 (118s)
e345bb63-3a86-4c98-a6cc-af43db50e96f done, total 73712 (118s)
e35d5018-10fb-4499-bf6a-75b79b18896d done, total 73746 (118s)
e38123de-c710-4762-abfb-1a3433e1f99e done, total 73746 (118s)
e383548e-b039-499d-9892-572fc8165a26 done, total 73755 (118s)
e386d3f7-5ff0-41f2-9eef-dd9bc3e52a31 done, total 73755 (118s)
e38834ca-8e55-4a1c-a512-9893a92c9e0b done, total 73775 (118s)
e38e890e-6bd4-4f04-aee3-24efd9a4be9e done, total 73897 (118s)
e39f236b-233e-4d48-8650-3303b92cc097 done, total 73897 (118s)
e3e198af-5834-4a0b-9963-5f1ef835c42e done, total 73927 (118s)
e3e25347-cf05-4e77-871a-a19f1f7a886e done, total 73927 (118s)
e4428939-b8b1-4d21-8da4-8093de5351a1 done, total 73927 (118s)
e45abfd5-dc62-45ab-a72c-f94dec810437 done, total 73945 (118s)
e46cebf9-08dc-4daa-a338-4af92f420c7a done, total 74000 (119s)
e47a8538-0ac0-4123-994e-c611cb53c534 done, total 74110 (119s)
e4a3bef8-b129-462e-bb21-3bed022f71ea done, total 74143 (119s)
e4df52bf-b765-4a5c-a627-05d7a652c759 done, total 74143 (119s)
e4e41dc8-2ae4-4a58-b267-36ee38fb11f2 done, total 74143 (119s)
e4ec74b5-1b9e-42e4-96c2-39fe40acf1a2 done, total 74143 (119s)
e55a1fd1-4c0f-4705-8f7f-306bfecc5fef done, total 74144 (119s)
e58a1008-a3f3-4f03-9036-91c6d3c4e88d done, total 74235 (119s)
e59d76b6-054b-43b6-809a-19da8eb92e42 done, total 74238 (119s)
e5f6da62-ec5f-455f-9d3b-85f32d1c12cf done, total 74238 (119s)
e620e6a0-3021-477b-8e59-266bc92d0623 done, total 74285 (119s)
e62621b8-3d8e-4fb9-8ccb-3cac036291d5 done, total 74285 (119s)
e6381807-2308-4ffb-ac34-2b85b638ad92 done, total 74301 (119s)
e64d4dfe-0a71-489e-a697-71dd45f33fb7 done, total 74355 (119s)
e6519b90-b0eb-4960-976a-2891b1f2cda2 done, total 74355 (119s)
e66b14b2-dc18-489b-8fba-13fe5052c586 done, total 74355 (119s)
e66cb7a3-1241-4224-a3f5-e390d7827e75 done, total 74559 (120s)
e689e095-9d8f-493b-b4a9-4d039da85377 done, total 74559 (120s)
e697f113-f300-46a1-af62-cfb279bd74eb done, total 74559 (120s)
e699a520-08bb-4a39-8d55-37b20f271c25 done, total 74713 (120s)
e6cafec9-8ab8-4ea2-83a4-1176b800783d done, total 74713 (120s)
e6fb0b5e-4f12-421d-af2b-1e20d0a96af8 done, total 74713 (120s)
e6fe18bd-8c83-45be-a96e-22929bb4cd18 done, total 74713 (120s)
e746d3d4-96b5-4442-b58c-40c00bebc668 done, total 74713 (120s)
e7b52b67-9a30-47bc-ab12-5afb53c0e28b done, total 74713 (120s)
e7e843a3-7d31-4a97-aa5c-db073600b140 done, total 74749 (120s)
e800b536-cedd-421d-96be-a73c2ac6eea1 done, total 74749 (120s)
e81134b1-512a-4c53-b286-e5dac32d3d90 done, total 74898 (120s)
e8712281-6aae-4a0f-b16d-78a430c1101d done, total 74948 (120s)
e884c8fe-9d32-4665-9257-aaba89c7a6bf done, total 74948 (120s)
e8968665-94f7-4019-abd0-28e5ba8a07be done, total 74948 (120s)
e8d2eec4-6d82-43e5-99b0-1747bd4035f0 done, total 74966 (120s)
e8e49236-80f2-4731-b31f-3ba14ec702a6 done, total 75068 (121s)
e8e4d1a7-a113-43b4-987a-164de794b554 done, total 75068 (121s)
e9217f4e-c081-4cf8-aae7-0a5ec7a3e2ae done, total 75068 (121s)
e93f6330-58e7-473a-a82d-a02f2cc4e385 done, total 75183 (121s)
e9402aa0-e183-4970-8cfa-daf0de42a368 done, total 75183 (121s)
e949dfa5-9657-43bc-9ea7-ad9b2288dcbb done, total 75183 (121s)
e9601c2c-8667-4362-9b16-39308b2bcfdf done, total 75187 (121s)
e97c9636-1366-42d3-aa3f-f4dfe5fac3ad done, total 75187 (121s)
e98a1d22-0312-43c9-abf9-fb712d6f18e1 done, total 75187 (121s)
e9954e23-2b6c-4ec5-b292-fe08684b3925 done, total 75187 (121s)
e9c933c5-a7fe-45f8-8ce8-c21808698e49 done, total 75187 (121s)
e9eff10f-6a86-4dde-875f-1596386f8d27 done, total 75201 (121s)
e9f239ad-f805-418f-814b-78b6818fe82b done, total 75201 (121s)
e9f25bc6-ee1c-491b-89e8-82aa735eae12 done, total 75435 (121s)
ea394f16-4e61-4ae9-af13-16dc1283751b done, total 75435 (121s)
ea4a15b5-a603-436a-b8a2-72e6c78672e9 done, total 75618 (122s)
eac02bce-6366-4529-afba-544355e9b0b8 done, total 75642 (122s)
eac07ceb-0289-4f20-aa9c-2572427b79c1 done, total 75675 (122s)
eac5ee75-13bb-46d3-89b3-92e93e355c43 done, total 75675 (122s)
eb048004-255d-4308-8188-fde23d5cdb14 done, total 75682 (122s)
eb2be17c-d54a-4815-8a99-9db3750907cd done, total 75682 (122s)
eb5f31ea-96f7-4369-88b4-f8f0ffdfe3e7 done, total 75716 (122s)
eb96eb0f-c250-4cca-a984-6cef1dadf58e done, total 75763 (122s)
eba37bb1-ee93-46fd-899b-08fecc7b7db5 done, total 75813 (122s)
ebaeb02e-cae1-4df2-8c18-1ece18d6d476 done, total 75816 (122s)
ebd895e4-75af-410b-bd19-61807e8b5da4 done, total 75893 (122s)
ec03aae3-018a-4790-8a46-5a381aa21105 done, total 75911 (122s)
ec3b6da0-8eac-41a6-9a53-469e70a1c6b4 done, total 75911 (122s)
ec3e6cb1-c3ca-4ff3-b723-1278bfac96e2 done, total 75925 (122s)
ec547409-3e8c-49d6-a0c5-8547f59019cc done, total 75925 (122s)
ec9ad357-8a0b-4845-8096-0aee47034920 done, total 75926 (122s)
ecccef93-e466-4b1f-ab44-bab9b99c08e3 done, total 75935 (122s)
ecd80c5f-75cd-4eff-a78e-b6aff1ab20ac done, total 75935 (122s)
ece773be-5819-417f-a26b-ab7debfb8565 done, total 75944 (122s)
ece83e9a-203d-4eaf-a009-2a6f3ddfaeba done, total 75945 (122s)
ed053e49-5ca6-4691-beec-813cc4f204e8 done, total 75964 (123s)
ed1056c6-d924-4d93-adcf-f7292358851b done, total 75985 (123s)
ed2851ea-ad64-4acf-bcd9-786e2d038240 done, total 76016 (123s)
ed4faf2d-be68-45ca-bfbb-2ace998530b4 done, total 76036 (123s)
edac828c-4b32-4b59-803a-50fd1e883351 done, total 76271 (123s)
ede2a524-524e-46e3-a5a0-98f3cfd79ec5 done, total 76271 (123s)
ee19c166-03f4-47fd-a349-7e0469c22ea9 done, total 76305 (123s)
ee2abb03-d318-4ca4-bd61-2c5d617addca done, total 76353 (123s)
ee8b3c4c-9737-4477-bb6c-dc0c03498eaf done, total 76394 (123s)
ee951f6b-90d3-4886-b4ab-9a6ba4650499 done, total 76394 (123s)
eeb4257f-f949-46e2-87c9-4d3b4cc8275e done, total 76415 (123s)
eef79ef1-0baa-48d9-bdb2-12362962ba78 done, total 76455 (123s)
ef1603b1-e4cf-403b-abde-1dd5693bdbc3 done, total 76561 (124s)
ef2ed66c-4629-44e3-92b2-f8b34a8ed877 done, total 76561 (124s)
ef70793a-3486-4276-9ea3-a93b6da5385e done, total 76561 (124s)
ef810816-5754-438c-8891-1a453fffdb3c done, total 76769 (124s)
effb59c1-e8c5-473e-8717-cebfc614e7ba done, total 76769 (124s)
f0094bc2-503b-4c8b-8a05-ce7e92c797aa done, total 76769 (124s)
f02fb962-97e9-4698-9bcd-f6aaf799978a done, total 76816 (124s)
f0547bc3-07ec-409f-b739-5a7634161a35 done, total 76816 (124s)
f0625de9-fb22-4764-a030-4994587747c3 done, total 76865 (124s)
f06c944e-c144-4f2c-a3ff-b18cfa43335e done, total 76865 (124s)
f0825365-2009-46eb-abd5-7701c2c09293 done, total 76928 (124s)
f0aa33ba-3a08-43c3-b377-c3d7ace0d6a0 done, total 76939 (124s)
f0c92979-c2a2-4530-b927-eeba274bed6c done, total 76956 (125s)
f0e6ae08-ed41-4656-8141-57a35ea226c0 done, total 77004 (125s)
f10d434c-af2e-43d8-a2ea-3d14165735a6 done, total 77018 (125s)
f1144671-eaf9-49ee-8aea-9a8c7aa74d75 done, total 77025 (125s)
f14f6f92-8143-4feb-811e-1b6c38d9db21 done, total 77025 (125s)
f157e63e-10e2-4c6a-80b3-b2c5e93d63e6 done, total 77025 (125s)
f165d3d5-c47d-4d8c-8839-cdb69d205618 done, total 77048 (125s)
f16f9098-4416-47d8-b7b1-ef145f41e92d done, total 77069 (125s)
f18bb718-0907-4f56-9407-fd7210b4eeef done, total 77120 (125s)
f1a59ad0-17ce-4f81-bca7-300a80e2bb10 done, total 77121 (125s)
f1cbf8a9-51b0-42f9-998f-508a8dcc1435 done, total 77235 (125s)
f1cdb1c5-cbfd-4100-aab4-92c5c3c9e2ca done, total 77249 (125s)
f1d4939a-3a45-4406-a30a-b4626fadf1f6 done, total 77249 (125s)
f1e10679-dd65-4406-96f7-0520c8ee34d3 done, total 77250 (125s)
f209de0e-a0fc-4741-934a-b67208464ab5 done, total 77255 (125s)
f20cc6e6-6787-4191-afd5-f7838e468174 done, total 77345 (125s)
f21dd85f-0025-4516-b706-ade8ca2c2af6 done, total 77345 (125s)
f21ef5f9-2f1f-4f93-8973-787c03baa802 done, total 77345 (125s)
f23bd87c-b046-44c1-9990-d3589f00462b done, total 77345 (125s)
f24ccdde-f3dd-4f60-95d7-3e8717b57003 done, total 77345 (125s)
f29daa1b-c1e1-4a4d-8f27-b2b0a108ee84 done, total 77372 (125s)
f2b0d90a-2bd8-4499-bc68-8963e143806d done, total 77372 (125s)
f2ecd05b-f588-4af7-b634-5f06479c82ab done, total 77395 (126s)
f30e20b3-e04a-4911-8aae-18418f767b3a done, total 77395 (126s)
f30eb345-a4ff-4f62-b2f7-609bd5bdc62e done, total 77395 (126s)
f3407868-327d-44c4-9733-d8beff0f2a4d done, total 77395 (126s)
f34a7bd1-a83e-4f2f-84e4-1a7d7553660e done, total 77410 (126s)
f3718b2a-c8d8-4832-a159-e4e8a31a3955 done, total 77410 (126s)
f3726d60-5087-484e-941f-6732f47c063a done, total 77430 (126s)
f37366f6-4ee4-414c-b4c4-f8f78ca11d71 done, total 77454 (126s)
f3896683-e35a-4e13-8ae3-63b37039063e done, total 77482 (126s)
f396217d-0c82-41d0-b8a6-400dc8c0f3ac done, total 77500 (126s)
f3a52f59-d33b-4869-8dea-e7db6bdf80e0 done, total 77500 (126s)
f3aa123d-a369-4257-a5f5-47f931cf36ec done, total 77500 (126s)
f3b89b19-28a7-4ead-b15d-5d144abc80fd done, total 77500 (126s)
f3c06cd1-d6d5-488f-8b46-bb17f5ed390a done, total 77528 (126s)
f3cdc987-5517-4cac-830f-94a4b62fd8c6 done, total 77536 (126s)
f3d68f06-d063-4de2-b3c9-a86565940178 done, total 77555 (126s)
f3d90a13-9beb-4f2f-b882-3ef147fb31ed done, total 77700 (126s)
f3d9f79a-7c3f-45c9-9782-8eaaacc34c38 done, total 77720 (126s)
f405aba9-1525-4d0a-a4f6-992675c9bf43 done, total 77722 (126s)
f43ec294-6cec-4ee9-9e27-f48c1c6980f1 done, total 77734 (126s)
f459fd6f-6838-4e58-815d-bc961aff6d19 done, total 77734 (126s)
f46ef4fb-59ab-433b-a4a2-05aaae167642 done, total 77735 (126s)
f472b800-d7d5-4485-b1c9-0e4e219c60dc done, total 77757 (126s)
f4c30dfa-a477-4c62-86ee-2e88da556799 done, total 77780 (126s)
f4eb4cf5-1de5-4ce8-ad18-47912ad5b78c done, total 77788 (126s)
f50c0ab7-7466-4cec-9dc8-86effc21c840 done, total 77799 (126s)
f51b8897-af07-4802-bf4f-693fd600b040 done, total 77833 (127s)
f51d5c35-2965-4b95-84ec-17e1cc889f7f done, total 77874 (127s)
f521f3ca-a1c4-44a7-8460-f3e13b0b57d5 done, total 77883 (127s)
f532014a-179b-45b7-9a41-a64ce67d6ca8 done, total 77892 (127s)
f542e9d0-009a-43d9-8cdc-ccc8743cdceb done, total 77892 (127s)
f569b1c3-616d-418b-a1d5-bc618cb51166 done, total 77892 (127s)
f57ebe2f-baaa-4ff1-bb7a-01394971cb19 done, total 77942 (127s)
f5f08b00-e6c3-476f-a013-5625a59762b6 done, total 77949 (127s)
f6006829-2087-41f2-9715-8a96495910ed done, total 77960 (127s)
f6054d44-00cd-4ff4-b8bc-5e1d7cbb72f6 done, total 77971 (127s)
f64dd725-86e4-459f-b718-656d239482e2 done, total 78025 (127s)
f661fffd-08b2-42d5-b3e0-f131d91dcb24 done, total 78137 (127s)
f668a3c0-acc0-460a-a19f-b0607d5d9a29 done, total 78185 (127s)
f66eb1f1-55cf-42fa-9133-88d87568ec53 done, total 78185 (127s)
f68c7409-f9d0-4fed-9e6c-8bda3b6a2319 done, total 78211 (127s)
f6942bf4-7d3f-4242-adc7-32aed5a4c1fb done, total 78219 (127s)
f6be090d-0771-419c-8a47-3bdef6f1c8a8 done, total 78219 (127s)
f6d42fb8-5b38-4ba5-88a4-807bedd2f45a done, total 78219 (127s)
f6dbf5dd-0f25-46f1-b768-ce0c74d2b5c6 done, total 78238 (127s)
f6f1bace-f919-4818-8a3d-2c125780bb37 done, total 78238 (127s)
f6f7c4a3-6e4e-4105-bcbf-65e51d79d516 done, total 78264 (127s)
f6f8257e-08b2-481c-a3d1-396da7c3169d done, total 78284 (127s)
f700d388-0cd0-483f-ab33-5762ad039ac4 done, total 78375 (128s)
f70ea28c-9ca0-462b-9d5c-2b68080c61bc done, total 78392 (128s)
f7393184-3538-49a3-b070-b57fb729a745 done, total 78392 (128s)
f74755c2-d764-40e4-bd98-b3e45a055a7e done, total 78417 (128s)
f76ea9ea-6543-4bfd-b33a-4bcbebe9ced0 done, total 78418 (128s)
f79a1f72-ad3e-4c1b-86aa-782464f61d6a done, total 78515 (128s)
f7b53a8c-2570-4cb7-938b-18cc586e1f38 done, total 78573 (128s)
f7e07717-a6e2-4ddf-b189-f61dd6bf4725 done, total 78573 (128s)
f7f6a88c-0ff9-4dc1-8c09-f2b9fd80340c done, total 78573 (128s)
f8299202-27d7-4f32-8ca0-5016588e5624 done, total 78618 (128s)
f838d3f1-61af-4d07-a407-1b40091c5a7b done, total 78690 (128s)
f872e1b9-2f2e-4892-9e6b-b91a839925bd done, total 78705 (128s)
f8bf20be-c02d-4ae4-a4cd-18a9e3cc14ba done, total 78705 (128s)
f8c945ec-2d63-42b6-9e5e-ce6b87cc22ed done, total 78705 (128s)
f8d9c0b1-b8a6-4b11-b579-c1d737b1031b done, total 78706 (128s)
f8e8e2f4-21cd-446f-90e8-ac15c0df3269 done, total 78723 (128s)
f902a241-85cd-49bc-91f6-f447f8723175 done, total 78723 (128s)
f92016b2-da00-4627-ac7e-99619d44a882 done, total 78757 (128s)
f92c197b-6605-4c50-bf43-eece8973b6a6 done, total 78786 (128s)
f935801a-a01e-4335-bf85-99677ae95726 done, total 78811 (129s)
f96502e7-566e-4334-a14c-59c598ec3605 done, total 78825 (129s)
f9d98f94-5396-4a4b-8f07-196ebeb00353 done, total 78828 (129s)
fa0869f6-680b-4236-a7bd-2526ec4e3d12 done, total 78829 (129s)
fa16213b-f714-4941-b08a-9cd1fd2033d0 done, total 78846 (129s)
fa1f1484-daa0-41a9-94a4-22f4f95dc2b4 done, total 78965 (129s)
fa2f16fc-6794-4be0-a22f-c93e8dfb2eac done, total 78965 (129s)
fa31d551-8e56-418f-ba8d-2ffe5f360ecc done, total 78991 (129s)
fa420afe-e87a-4d2a-afee-633c06d723c3 done, total 79008 (129s)
fa42f1c7-5cbe-4ab1-bf70-1f6721c3be49 done, total 79052 (129s)
fa6f0b0a-987b-472e-91bb-0f1052dc095e done, total 79052 (129s)
fa739f58-1365-4430-98d0-9d9699f3f711 done, total 79077 (129s)
facb365f-34c7-4be0-8704-a5f60ad4034d done, total 79077 (129s)
faec1e2e-9293-4493-b488-fcd68fabec35 done, total 79077 (129s)
faf19637-ae40-41ab-b167-1a1767708215 done, total 79097 (129s)
fb4d300f-f860-45ac-b837-f01a1e4e793b done, total 79130 (129s)
fb550d86-95f8-4dec-b0f8-79d4c1425110 done, total 79146 (129s)
fb5c79f8-9fb0-4aef-8196-82c40f5bbca2 done, total 79157 (129s)
fbb5fe2d-3b2d-4059-82ce-a24adac9b5a4 done, total 79160 (129s)
fbe1607a-0906-4ddc-8128-9ce21776ed14 done, total 79160 (129s)
fbf78a37-11e0-4414-abd2-34c8f191b92a done, total 79160 (129s)
fbfd0ea7-1c85-49a1-b5bd-33dd04ce02ef done, total 79190 (129s)
fc06485b-ec17-4d08-b2e9-1c6f46e450f6 done, total 79190 (129s)
fc24bde0-18f2-4be8-a7ce-60707fa0aa35 done, total 79387 (130s)
fc258e37-0c20-4d26-b0db-a0a6792d6f74 done, total 79387 (130s)
fc378bd0-18bf-4f9c-8f0a-0808b31919d6 done, total 79429 (130s)
fc3f71f8-7835-452d-a905-f1a6d17334f9 done, total 79439 (130s)
fc44dd00-2b34-46a1-9163-e5312022745c done, total 79439 (130s)
fc693364-ca02-41f0-ab50-4741056a922d done, total 79439 (130s)
fc8a6e99-c720-41b0-b2d3-c0c0f562e99e done, total 79441 (130s)
fc922881-d4e2-4834-8e10-baa046ff4d4d done, total 79446 (130s)
fcab58e5-9d16-4f0e-888e-86d08f0fa1c9 done, total 79524 (130s)
fcae73de-63cd-4fbb-a9a6-96d0cadcc82f done, total 79524 (130s)
fccd7bd1-2ca5-4e65-83bc-9b03e5786a34 done, total 79524 (130s)
fcd2916e-701b-4ac5-9bb7-e404f46f5d96 done, total 79534 (130s)
fd51f691-b0d2-466b-9759-e22fa5d206c6 done, total 79555 (130s)
fd57c0da-57ec-44ab-8021-1d8108033e80 done, total 79748 (130s)
fd7bf1e4-91b3-4660-893a-1858169895f6 done, total 79769 (130s)
fd80c28c-7123-4e1f-b9f9-279ebc8684ca done, total 79800 (131s)
fd8a6d9d-a2c0-4c65-80fc-f243747791d4 done, total 79904 (131s)
fdb58532-3c37-4ca9-afd3-7e1425d3450d done, total 79924 (131s)
fdb93a14-5c34-48d7-9406-86d6043658e8 done, total 80037 (131s)
fdc35afa-246a-47a6-ab13-c6136e9b47d2 done, total 80037 (131s)
fde4f5da-6aa7-4ff4-b9cc-a559ea66b3e2 done, total 80049 (131s)
fde745c8-6fe0-4b33-bb24-31390598bd85 done, total 80049 (131s)
fe25663f-076b-46a4-89da-1f087fa0606e done, total 80049 (131s)
fe796154-e137-48c5-a809-5a220ec86d65 done, total 80058 (131s)
fe854445-f50a-4a06-b97a-6c2b2e930b56 done, total 80058 (131s)
fe85a15a-9851-43d8-9fef-5e3d0c9abc6b done, total 80075 (131s)
fe9de2fc-693f-4341-9022-393c48afd46d done, total 80075 (131s)
fea87757-2c18-43e5-81b5-9549fde27589 done, total 80081 (131s)
fec016db-c8af-491b-97b7-3e78f2dbb24d done, total 80085 (131s)
fec4a22e-d763-45e0-9b94-e265f92e0cbe done, total 80105 (131s)
feed87f0-185e-44a2-a2c3-bcb2489800c3 done, total 80114 (131s)
fefad039-bf1a-4c2e-a8a9-257ff0284924 done, total 80139 (131s)
fefb4613-461b-4cbb-8419-fa3a62f308c1 done, total 80210 (131s)
ff009994-1f53-4032-a979-dc695d281534 done, total 80210 (131s)
ff4a33f6-4934-4c5a-b674-60e51ec5078a done, total 80230 (131s)
ff69ba82-8867-48bc-8732-e7b1e0b50f6f done, total 80230 (131s)
ff6fc0af-0e2b-4b02-8fde-86807e00c5bd done, total 80230 (131s)
ffb5f962-5790-498b-9540-a3c869682a93 done, total 80230 (131s)
ffba5897-ee0c-4af6-9b00-431d5f08f497 done, total 80239 (131s)
wrote 80239 records, skipped 491, 131s
